platform,post_id,post_url,seed_name,handle,main_type,sub_type,party,actor_group,year,createtime,target,model_stance,coded_relevant,coded_stance,note,coder,coded_at,n_post_targets,n_sampled_targets,pair_weight
bluesky,did:plc:nont2yyr6zgjd6bryhn7aw7b__bafyreianen6ypltbgmwsnoewrdvuk5726cle7ivytvs2glamqpdaqaxqca,https://bsky.app/profile/did:plc:nont2yyr6zgjd6bryhn7aw7b,Simon Little,simonplittle.ca,influencer,commentator,,type:influencer,2023,2023-05-07T17:02:42.000000+0000,carlson,NEUTRAL,1,NEUTRAL,"The post is a repost of a news report about Carlson and Musk discussing a potential collaboration. The account circulated this news item, making Carlson a subject of the post, reported neutrally without editorial comment.",haiku-4-5,2026-09-14T23:56:41.661752+00:00,2,2,1.0
bluesky,did:plc:nont2yyr6zgjd6bryhn7aw7b__bafyreianen6ypltbgmwsnoewrdvuk5726cle7ivytvs2glamqpdaqaxqca,https://bsky.app/profile/did:plc:nont2yyr6zgjd6bryhn7aw7b,Simon Little,simonplittle.ca,influencer,commentator,,type:influencer,2023,2023-05-07T17:02:42.000000+0000,elon musk,NEUTRAL,1,NEUTRAL,"The post reports on a conversation between Musk and Carlson about working together. As a reposted news item the account chose to share, Musk is a subject of the post, reported factually without taking a side.",haiku-4-5,2026-09-14T23:56:41.661752+00:00,2,2,1.0
bluesky,did:plc:vjiqpmqcyigu7dqneo3hk7zm__bafyreihulsmltau56ibwseeweyh2mjtwvdvd62lnr3unuzgftl4zdqnecy,https://bsky.app/profile/did:plc:vjiqpmqcyigu7dqneo3hk7zm/post/3k75tentzca2n,Kristyn Wong-Tam,kristynwongtam.bsky.social,politician,member of the provincial legislature,NDP,party:NDP,2023,2023-09-12T00:14:57.000000+0000,local small businesses,FAVOR,1,FAVOR,"The post praises the Cabbagetown BIA for supporting local small businesses and celebrates the festival as a success, positioning small businesses positively as part of the community being supported.",haiku-4-5,2026-09-14T23:56:43.093001+00:00,1,1,1.0
bluesky,did:plc:ralxrfpmgdxc7hmnvujfzjqy__bafyreiblvilhhzaak2jjseula5kaph53b6fnnmmnoeuu3mfj53mzjmnvwi,https://bsky.app/profile/did:plc:ralxrfpmgdxc7hmnvujfzjqy/post/3kdscc75uge24,Ryan Turnbull,turnbullwhitby.bsky.social,politician,incumbent parliamentary candidate,Liberal,party:Liberal,2023,2023-11-10T01:16:02.000000+0000,bluesky,FAVOR,0,NEUTRAL,"This is a greeting to the platform itself ('Hello Blue Sky!'), not a substantive discussion of or position on Bluesky as a service or entity. It is a boilerplate salutation with no bearing on the post's content.",haiku-4-5,2026-09-14T23:56:43.328523+00:00,1,1,1.0
bluesky,did:plc:ojmh6ai47tnqzcryhzlkohpp__bafyreibhst7soaxfcqmwjx6qauxfmphzhuj46wdfngirmxn2azo2h6tffu,https://bsky.app/profile/did:plc:ojmh6ai47tnqzcryhzlkohpp/post/3jyc6ksp5hu2i,Drew Dilkens,drewdilkens.bsky.social,politician,head of municipal government,,type:politician,2023,2023-06-16T15:49:32.000000+0000,appointment,FAVOR,1,FAVOR,"The post discusses optimizing the appointment process for advisory committees and frames the new approach as ensuring 'robust and effective' outcomes, presenting appointments positively.",haiku-4-5,2026-09-14T23:56:43.409773+00:00,3,2,1.5
bluesky,did:plc:ojmh6ai47tnqzcryhzlkohpp__bafyreibhst7soaxfcqmwjx6qauxfmphzhuj46wdfngirmxn2azo2h6tffu,https://bsky.app/profile/did:plc:ojmh6ai47tnqzcryhzlkohpp/post/3jyc6ksp5hu2i,Drew Dilkens,drewdilkens.bsky.social,politician,head of municipal government,,type:politician,2023,2023-06-16T15:49:32.000000+0000,committee,FAVOR,1,FAVOR,"The post is about optimizing advisory committees' effectiveness and describes the changes as ensuring they can do 'meaningful work and outcomes,' presenting committees and their work favorably.",haiku-4-5,2026-09-14T23:56:43.409773+00:00,3,2,1.5
bluesky,did:plc:cvtcbedorjjg7fuie4c5wjum__bafyreibxm4qkea5eu2wandetxr6jnvgaz25iifn2vjxfc4zl4qlkb5akm4,https://bsky.app/profile/did:plc:cvtcbedorjjg7fuie4c5wjum/post/3keui7zr2ld2h,Andrés Fontecilla,andresfontecilla.bsky.social,politician,member of the provincial legislature,Québec solidaire,party:Other party,2023,2023-11-23T15:32:42.000000+0000,flexibility,NEUTRAL,0,NEUTRAL,"The parent post discusses 'flexibility' as a concept the government is offering, but the author's reply does not engage with flexibility itself—it discusses the government's declining popularity and the need to maintain pressure on labor negotiations. Flexibility is not what this post is about.",haiku-4-5,2026-09-14T23:56:44.232232+00:00,2,2,1.0
bluesky,did:plc:cvtcbedorjjg7fuie4c5wjum__bafyreibxm4qkea5eu2wandetxr6jnvgaz25iifn2vjxfc4zl4qlkb5akm4,https://bsky.app/profile/did:plc:cvtcbedorjjg7fuie4c5wjum/post/3keui7zr2ld2h,Andrés Fontecilla,andresfontecilla.bsky.social,politician,member of the provincial legislature,Québec solidaire,party:Other party,2023,2023-11-23T15:32:42.000000+0000,government openness,FAVOR,1,FAVOR,"The post describes the government as demonstrating 'un peu d'ouverture' (a bit of openness) in response to the strikers' support and the government's declining popularity, framing this as a positive development worth building on.",haiku-4-5,2026-09-14T23:56:44.232232+00:00,2,2,1.0
bluesky,did:plc:k764uwd7ykxkhvzxpykjfvgg__bafyreibau2tuwgn3szly7j2vbb5vanbgpqqwuho7vmn3ikhydm2epclmxm,https://bsky.app/profile/did:plc:k764uwd7ykxkhvzxpykjfvgg/post/3kext2loxbp2u,Kieron Testart,kierontestart.bsky.social,politician,member of the provincial legislature,,type:politician,2023,2023-11-24T23:24:30.000000+0000,northerners,FAVOR,1,FAVOR,"The post describes it as 'wonderful' to see Northerners and frames them as part of a shared new chapter, expressing appreciation for their presence.",haiku-4-5,2026-09-14T23:56:44.710598+00:00,2,2,1.0
bluesky,did:plc:k764uwd7ykxkhvzxpykjfvgg__bafyreibau2tuwgn3szly7j2vbb5vanbgpqqwuho7vmn3ikhydm2epclmxm,https://bsky.app/profile/did:plc:k764uwd7ykxkhvzxpykjfvgg/post/3kext2loxbp2u,Kieron Testart,kierontestart.bsky.social,politician,member of the provincial legislature,,type:politician,2023,2023-11-24T23:24:30.000000+0000,swearing-in ceremony,FAVOR,1,FAVOR,The post describes the ceremony as 'wonderful' and presents it positively as the occasion for starting a new chapter.,haiku-4-5,2026-09-14T23:56:44.710598+00:00,2,2,1.0
bluesky,did:plc:spqxuqxjcocf7i2hof3wtecb__bafyreidne2u62ba7majl5lua6h3oi6ps7m35szpnmyenc7pbpw5vdbbqym,https://bsky.app/profile/did:plc:spqxuqxjcocf7i2hof3wtecb/post/3lbibi3sbok2i,Kristina Michaud,kristinamichaud.bsky.social,influencer,commentator,Bloc Québécois,party:Bloc Québécois,2024,2024-11-21T20:10:37.000000+0000,npd,AGAINST,1,AGAINST,"The post criticizes the NDP by sarcastically contrasting the government's willingness to spend over 6 billion to secure their support with its refusal to fund the pension increase, implying the NDP's support was bought at an excessive cost.",haiku-4-5,2026-09-14T23:56:45.487212+00:00,2,2,1.0
bluesky,did:plc:spqxuqxjcocf7i2hof3wtecb__bafyreidne2u62ba7majl5lua6h3oi6ps7m35szpnmyenc7pbpw5vdbbqym,https://bsky.app/profile/did:plc:spqxuqxjcocf7i2hof3wtecb/post/3lbibi3sbok2i,Kristina Michaud,kristinamichaud.bsky.social,influencer,commentator,Bloc Québécois,party:Bloc Québécois,2024,2024-11-21T20:10:37.000000+0000,old age security pension,FAVOR,1,FAVOR,"The post defends the pension increase for ages 65-74, presenting it as a worthwhile investment that was wrongly rejected as too expensive, while the government found money for other priorities.",haiku-4-5,2026-09-14T23:56:45.487212+00:00,2,2,1.0
bluesky,did:plc:nvfposmpmhegtyvhbs75s3pw__bafyreiceeqel4svnrub6prsukqrsfoz7npfiqdegkiefloqgrjh7ugjole,https://bsky.app/profile/did:plc:nvfposmpmhegtyvhbs75s3pw,Jamelle Bouie,jamellebouie.net,influencer,journalist,,type:influencer,2023,2023-11-25T18:34:29.000000+0000,conservative,NEUTRAL,1,AGAINST,"The post criticizes young conservatives for receiving institutional backing while being portrayed as scrappy upstarts, implying they are dishonestly presented to the public.",haiku-4-5,2026-09-14T23:56:45.757469+00:00,3,2,1.5
bluesky,did:plc:nvfposmpmhegtyvhbs75s3pw__bafyreiceeqel4svnrub6prsukqrsfoz7npfiqdegkiefloqgrjh7ugjole,https://bsky.app/profile/did:plc:nvfposmpmhegtyvhbs75s3pw,Jamelle Bouie,jamellebouie.net,influencer,journalist,,type:influencer,2023,2023-11-25T18:34:29.000000+0000,young person,AGAINST,1,NEUTRAL,"The post discusses young people as a category in the context of media coverage disparities, but takes no position on young people themselves—the critique is directed at how they are covered and who receives favorable treatment.",haiku-4-5,2026-09-14T23:56:45.757469+00:00,3,2,1.5
bluesky,did:plc:2hbgn2vyobep4wiybmcryd72__R_2024-11-24T15:10:03Z_bafyreifqdvw53qssjaestkxqrui4zty26wygzzecxoebttl65lkfqnmjqy,https://bsky.app/profile/did:plc:2hbgn2vyobep4wiybmcryd72,David Pugliese,davidpugliese.bsky.social,influencer,journalist,,type:influencer,2024,2024-11-24T15:10:03.000000+0000,chris alexander,AGAINST,1,AGAINST,The reposted post directly attacks Chris Alexander for making 'outrageous allegations' and 'defamatory claims' while hiding behind parliamentary immunity. The account chose to circulate this criticism.,haiku-4-5,2026-09-14T23:56:45.981655+00:00,2,2,1.0
bluesky,did:plc:2hbgn2vyobep4wiybmcryd72__R_2024-11-24T15:10:03Z_bafyreifqdvw53qssjaestkxqrui4zty26wygzzecxoebttl65lkfqnmjqy,https://bsky.app/profile/did:plc:2hbgn2vyobep4wiybmcryd72,David Pugliese,davidpugliese.bsky.social,influencer,journalist,,type:influencer,2024,2024-11-24T15:10:03.000000+0000,david pugliese,FAVOR,1,FAVOR,"The reposted post defends David Pugliese as a 'veteran Ottawa Citizen journalist' who was wrongly attacked, and the account's reposting of this defense constitutes support for him.",haiku-4-5,2026-09-14T23:56:45.981655+00:00,2,2,1.0
bluesky,did:plc:2qzjlvfitxj5deyi4juectyo__bafyreiegsrqeylpqa6vjqo2qipjw56bcfwff5p7fqde2kgp7ozoe257c7e,https://bsky.app/profile/did:plc:2qzjlvfitxj5deyi4juectyo/post/3lbxdgr5tfs27,Valérie Plant,valplante.bsky.social,politician,,,type:politician,2024,2024-11-27T19:55:30.000000+0000,commerce,NEUTRAL,0,NEUTRAL,"The parent post mentions commerce en ligne as context for why the street needed redesign, but the post itself does not discuss commerce or take a position on it. The post's focus is on the redesign plan for the street.",haiku-4-5,2026-09-14T23:56:46.822721+00:00,3,2,1.5
bluesky,did:plc:2qzjlvfitxj5deyi4juectyo__bafyreiegsrqeylpqa6vjqo2qipjw56bcfwff5p7fqde2kgp7ozoe257c7e,https://bsky.app/profile/did:plc:2qzjlvfitxj5deyi4juectyo/post/3lbxdgr5tfs27,Valérie Plant,valplante.bsky.social,politician,,,type:politician,2024,2024-11-27T19:55:30.000000+0000,rue sainte-catherine,FAVOR,1,FAVOR,"The post directly addresses the redesign of Rue Sainte-Catherine, proposing a new chapter with improvements: a calmed, safer, greener street with pedestrian plazas and urban amenities that will transform the experience.",haiku-4-5,2026-09-14T23:56:46.822721+00:00,3,2,1.5
bluesky,did:plc:fna736ofnorbrpuzavoem6iy__bafyreicynxl4r755pmievq5wsrilgrqopollrqj4awtyvvilubu3xgn5xy,https://bsky.app/profile/did:plc:fna736ofnorbrpuzavoem6iy/post/3lbyfzypdpc2n,Erkin Öncan,erknoncn.bsky.social,foreign,journalist,,type:foreign,2024,2024-11-28T06:14:49.000000+0000,mr. b,NEUTRAL,0,NEUTRAL,"The post consists only of 'Slm' (a Turkish greeting), which is a reply to 'Mrb' (likely an abbreviation or greeting). Neither the post nor parent contains substantive discussion of any target; 'mr. b' appears to be a fragment or abbreviation from transcription/extraction noise rather than a genuine subject the post takes a position on.",haiku-4-5,2026-09-14T23:58:04.729126+00:00,1,1,1.0
bluesky,did:plc:pkysaub2s5bbnvszblg7o4js__bafyreifvjtayysxss4rjwi22jcgfctvd57ujzer6egr2i7x3uh2ldg534y,https://bsky.app/profile/did:plc:pkysaub2s5bbnvszblg7o4js/post/3ldojvpvydu25,Greg McLean,gregmcleanyyc.bsky.social,politician,incumbent parliamentary candidate,Conservative,party:Conservative,2024,2024-12-19T18:47:45.000000+0000,canadian oil,FAVOR,1,FAVOR,The post argues that the world needs more Canadian oil and criticizes the government for constraining it. This is a direct endorsement of Canadian oil production.,haiku-4-5,2026-09-14T23:58:06.280179+00:00,2,2,1.0
bluesky,did:plc:pkysaub2s5bbnvszblg7o4js__bafyreifvjtayysxss4rjwi22jcgfctvd57ujzer6egr2i7x3uh2ldg534y,https://bsky.app/profile/did:plc:pkysaub2s5bbnvszblg7o4js/post/3ldojvpvydu25,Greg McLean,gregmcleanyyc.bsky.social,politician,incumbent parliamentary candidate,Conservative,party:Conservative,2024,2024-12-19T18:47:45.000000+0000,oil,FAVOR,1,FAVOR,"The post frames oil as a commodity the world needs and positions Canadian oil favorably against oil from Russia and Iraq, supporting oil production generally.",haiku-4-5,2026-09-14T23:58:06.280179+00:00,2,2,1.0
bluesky,did:plc:a3iz6qgipy442gtda5asfjub__R_2024-11-30T01:30:41Z_bafyreibhuzfpphpvvt3zmhg34tcsmb635as5umxoww6gituvzeqgn3wxi4,https://bsky.app/profile/did:plc:m2c6newrebmdwmghukfzsjfz/post/3lc4vgsigz22t,Arielle Kayabaga,kayabagaarielle.bsky.social,politician,incumbent parliamentary candidate,Liberal,party:Liberal,2024,2024-11-30T01:30:41.000000+0000,trudeau's cabinet decisions,NEUTRAL,0,NEUTRAL,"The reposted quote discusses Trudeau's position on tariffs and their economic effects, not cabinet decisions. This target does not match what the post is about.",haiku-4-5,2026-09-14T23:58:06.450859+00:00,5,2,2.5
bluesky,did:plc:a3iz6qgipy442gtda5asfjub__R_2024-11-30T01:30:41Z_bafyreibhuzfpphpvvt3zmhg34tcsmb635as5umxoww6gituvzeqgn3wxi4,https://bsky.app/profile/did:plc:m2c6newrebmdwmghukfzsjfz/post/3lc4vgsigz22t,Arielle Kayabaga,kayabagaarielle.bsky.social,politician,incumbent parliamentary candidate,Liberal,party:Liberal,2024,2024-11-30T01:30:41.000000+0000,trudeau's leadership style,NEUTRAL,0,NEUTRAL,"The reposted quote presents Trudeau's argument on a specific policy matter (tariffs), not commentary on his leadership style or approach to governing.",haiku-4-5,2026-09-14T23:58:06.450859+00:00,5,2,2.5
bluesky,did:plc:yddkfd4g3gkavzag6rv2fqqh__bafyreibo5qpjipeoynu6he7tmprtb3tis3ws6yb3jyrm745dohonvdg5mi,https://bsky.app/profile/did:plc:yddkfd4g3gkavzag6rv2fqqh/post/3ldehrs7tok2w,Paul Lane,paullanemha.bsky.social,politician,member of the provincial legislature,Independent,party:Independent,2024,2024-12-15T18:43:10.000000+0000,community builder,FAVOR,1,FAVOR,"The post describes Mr. Ed Moyst as 'this amazing community builder' and thanks him for his 'significant contribution to Mount Pearl,' expressing clear praise and endorsement.",haiku-4-5,2026-09-14T23:58:06.575236+00:00,2,2,1.0
bluesky,did:plc:yddkfd4g3gkavzag6rv2fqqh__bafyreibo5qpjipeoynu6he7tmprtb3tis3ws6yb3jyrm745dohonvdg5mi,https://bsky.app/profile/did:plc:yddkfd4g3gkavzag6rv2fqqh/post/3ldehrs7tok2w,Paul Lane,paullanemha.bsky.social,politician,member of the provincial legislature,Independent,party:Independent,2024,2024-12-15T18:43:10.000000+0000,mr. ed moyst,FAVOR,1,FAVOR,"The post celebrates Mr. Moyst's 80th birthday, calls him 'amazing,' thanks him for his contributions, and addresses him warmly as 'my friend,' all expressing strong support and appreciation.",haiku-4-5,2026-09-14T23:58:06.575236+00:00,2,2,1.0
bluesky,did:plc:serlxfuuco5zwtgjbezfqib5__bafyreihy6q7typ53wm4nsxztoack7kmvcim4zshof4foxec5npajvlpheu,https://bsky.app/profile/did:plc:serlxfuuco5zwtgjbezfqib5,Charlie Angus,charlieangus104.bsky.social,influencer,commentator,NDP,party:NDP,2024,2024-12-22T15:00:49.000000+0000,joe biden's policies,AGAINST,0,NEUTRAL,The post makes a comparison to 'another guy south of the border' without directly discussing Biden's policies. The target is not what the post is about; it is only invoked as a comparison point.,haiku-4-5,2026-09-14T23:58:06.683852+00:00,3,2,1.5
bluesky,did:plc:serlxfuuco5zwtgjbezfqib5__bafyreihy6q7typ53wm4nsxztoack7kmvcim4zshof4foxec5npajvlpheu,https://bsky.app/profile/did:plc:serlxfuuco5zwtgjbezfqib5,Charlie Angus,charlieangus104.bsky.social,influencer,commentator,NDP,party:NDP,2024,2024-12-22T15:00:49.000000+0000,white house,NEUTRAL,1,NEUTRAL,"The White House is mentioned as the destination ('going back to the White House'), but the post reports this as a factual reference without taking a stance on the institution itself.",haiku-4-5,2026-09-14T23:58:06.683852+00:00,3,2,1.5
bluesky,did:plc:cvtcbedorjjg7fuie4c5wjum__bafyreiep4grxltafln2a4boy3w4x2vvn7bdsrzd2rz7du3i3kb2ywe5ebi,https://bsky.app/profile/did:plc:cvtcbedorjjg7fuie4c5wjum/post/3lgdlywmdis2z,Andrés Fontecilla,andresfontecilla.bsky.social,politician,member of the provincial legislature,Québec solidaire,party:Other party,2025,2025-01-22T14:41:39.000000+0000,budget,AGAINST,1,AGAINST,"The post expresses concern about the effects on the budget of Quebec families, framing it as a worrying situation. The concern about budget impacts is the core of the argument.",haiku-4-5,2026-09-14T23:58:06.827407+00:00,2,2,1.0
bluesky,did:plc:cvtcbedorjjg7fuie4c5wjum__bafyreiep4grxltafln2a4boy3w4x2vvn7bdsrzd2rz7du3i3kb2ywe5ebi,https://bsky.app/profile/did:plc:cvtcbedorjjg7fuie4c5wjum/post/3lgdlywmdis2z,Andrés Fontecilla,andresfontecilla.bsky.social,politician,member of the provincial legislature,Québec solidaire,party:Other party,2025,2025-01-22T14:41:39.000000+0000,quebec families,FAVOR,1,FAVOR,The post defends Quebec families by expressing concern about the troubling effects on their budgets and highlighting their struggle with food bank use despite working full-time.,haiku-4-5,2026-09-14T23:58:06.827407+00:00,2,2,1.0
bluesky,did:plc:3hvwk2yff57vyftprorhf45u__bafyreigyhugc7kx4f3gw5tuiplviimabh3xfewa5rfyk3ep2tblpv6p2je,https://bsky.app/profile/did:plc:3hvwk2yff57vyftprorhf45u/post/3lgiyz2fc2k2p,Caroline Wawzonek,carolinewawzonek.bsky.social,politician,member of the provincial legislature,,type:politician,2025,2025-01-24T18:17:41.000000+0000,avens pavilion,FAVOR,1,FAVOR,"The post is about attending the grand opening of the Pavilion at Avens and praises it as a 'remarkable addition' with 'profound impact' and 'invaluable support,' ending with congratulations.",haiku-4-5,2026-09-14T23:58:06.958038+00:00,2,2,1.0
bluesky,did:plc:3hvwk2yff57vyftprorhf45u__bafyreigyhugc7kx4f3gw5tuiplviimabh3xfewa5rfyk3ep2tblpv6p2je,https://bsky.app/profile/did:plc:3hvwk2yff57vyftprorhf45u/post/3lgiyz2fc2k2p,Caroline Wawzonek,carolinewawzonek.bsky.social,politician,member of the provincial legislature,,type:politician,2025,2025-01-24T18:17:41.000000+0000,grand opening,FAVOR,1,FAVOR,"The post celebrates the grand opening event itself, describing it as an 'opportunity' to attend and presenting it positively as part of the Avens Pavilion's launch.",haiku-4-5,2026-09-14T23:58:06.958038+00:00,2,2,1.0
bluesky,did:plc:hpk4tl4a5tytwoaro4immglk__bafyreigokhdkmcjcguasdnenz5dwocu6bvavuo57rl5epv2fuxoy254v5u,https://bsky.app/profile/did:plc:hpk4tl4a5tytwoaro4immglk/post/3ld7npn6o7s2m,Megan Mitton,meganmitton.bsky.social,politician,member of the provincial legislature,Green,party:Green,2024,2024-12-13T20:46:01.000000+0000,in the kingdom of the winter man,NEUTRAL,1,NEUTRAL,"The post is a parody or take on this song/phrase, which is the creative work being shared. The post presents it as entertainment without arguing for or against it.",haiku-4-5,2026-09-14T23:58:06.988717+00:00,2,2,1.0
bluesky,did:plc:hpk4tl4a5tytwoaro4immglk__bafyreigokhdkmcjcguasdnenz5dwocu6bvavuo57rl5epv2fuxoy254v5u,https://bsky.app/profile/did:plc:hpk4tl4a5tytwoaro4immglk/post/3ld7npn6o7s2m,Megan Mitton,meganmitton.bsky.social,politician,member of the provincial legislature,Green,party:Green,2024,2024-12-13T20:46:01.000000+0000,new brunswick legislature,NEUTRAL,1,NEUTRAL,"The post identifies the legislature as the setting for the author's creative performance, but takes no position on the institution itself—it is the venue, not the subject of argument.",haiku-4-5,2026-09-14T23:58:06.988717+00:00,2,2,1.0
bluesky,did:plc:mlbdue4mz5bxv7m2fjc7yv4u__bafyreia7arpl3q2ctayfcidevl5iq2zduhqqjx5z2a4wfunhrzjqytr4za,https://bsky.app/profile/did:plc:mlbdue4mz5bxv7m2fjc7yv4u/post/3lcdpltrdsk2x,Etienne Grandmont,etiennegrandmont.bsky.social,politician,member of the provincial legislature,Québec solidaire,party:Other party,2024,2024-12-02T18:05:09.000000+0000,bape,NEUTRAL,1,FAVOR,"The post criticizes the A-20 bridge project for not being subject to a BAPE review, implying the post supports BAPE oversight as a necessary environmental protection measure.",haiku-4-5,2026-09-14T23:58:07.163449+00:00,2,2,1.0
bluesky,did:plc:mlbdue4mz5bxv7m2fjc7yv4u__bafyreia7arpl3q2ctayfcidevl5iq2zduhqqjx5z2a4wfunhrzjqytr4za,https://bsky.app/profile/did:plc:mlbdue4mz5bxv7m2fjc7yv4u/post/3lcdpltrdsk2x,Etienne Grandmont,etiennegrandmont.bsky.social,politician,member of the provincial legislature,Québec solidaire,party:Other party,2024,2024-12-02T18:05:09.000000+0000,environment minister,AGAINST,1,AGAINST,"The post questions whether Quebec has an environment minister through sarcasm, criticizing the minister's apparent inaction on environmental protections like wetland compensation.",haiku-4-5,2026-09-14T23:58:07.163449+00:00,2,2,1.0
bluesky,did:plc:7jjnlqqaw54j2tqlio4aims5__bafyreietwqczhg4xzk4urofrtamlv7tpblar7udarany2ervzny6waqhcq,https://bsky.app/profile/did:plc:7jjnlqqaw54j2tqlio4aims5/post/3lk47dm4qo22p,Maxime Blanchette-Joncas,mbjdepute.bsky.social,politician,incumbent parliamentary candidate,Bloc Québécois,party:Bloc Québécois,2025,2025-03-11T13:47:07.000000+0000,pandémie,AGAINST,1,NEUTRAL,The post commemorates the pandemic and honors those who died and frontline workers. It reports on the commemorative day without taking a position for or against the pandemic itself.,haiku-4-5,2026-09-14T23:58:07.758412+00:00,1,1,1.0
bluesky,did:plc:pkysaub2s5bbnvszblg7o4js__bafyreigeiemz635jttopzs5qfdyeaiqyoullqalinizmmpxzwdagctcynq,https://bsky.app/profile/did:plc:pkysaub2s5bbnvszblg7o4js/post/3lgvkaxotl22k,Greg McLean,gregmcleanyyc.bsky.social,politician,incumbent parliamentary candidate,Conservative,party:Conservative,2025,2025-01-29T17:58:12.000000+0000,calgary's chinese community,FAVOR,1,FAVOR,"The post praises the Chinese Cultural Centre as 'the beating heart' of Calgary's Chinese community and thanks volunteers and organizers for their hospitality and events, expressing appreciation for the community.",haiku-4-5,2026-09-14T23:58:08.120705+00:00,2,2,1.0
bluesky,did:plc:pkysaub2s5bbnvszblg7o4js__bafyreigeiemz635jttopzs5qfdyeaiqyoullqalinizmmpxzwdagctcynq,https://bsky.app/profile/did:plc:pkysaub2s5bbnvszblg7o4js/post/3lgvkaxotl22k,Greg McLean,gregmcleanyyc.bsky.social,politician,incumbent parliamentary candidate,Conservative,party:Conservative,2025,2025-01-29T17:58:12.000000+0000,dragon,NEUTRAL,0,NEUTRAL,The dragon is mentioned only in the parent post as part of the lunar calendar transition (Dragon to Snake year); the reply does not discuss or take a position on the dragon itself.,haiku-4-5,2026-09-14T23:58:08.120705+00:00,2,2,1.0
bluesky,did:plc:wz42aogg26a5na5utjsux62s__bafyreid7gch2s6n4ms6pxjqvfx2edtzahvainnvvazoooqcabcopevg2vy,https://bsky.app/profile/did:plc:wz42aogg26a5na5utjsux62s/post/3llk4vpehrk23,Robert Oliphant,roboliphant.bsky.social,politician,incumbent parliamentary candidate,Liberal,party:Liberal,2025,2025-03-29T20:06:01.000000+0000,canadian pride,FAVOR,0,NEUTRAL,"The phrase is a rhetorical flourish describing the atmosphere the account observed, not a subject the post takes a position on or discusses substantively.",haiku-4-5,2026-09-14T23:58:08.531806+00:00,3,2,1.5
bluesky,did:plc:wz42aogg26a5na5utjsux62s__bafyreid7gch2s6n4ms6pxjqvfx2edtzahvainnvvazoooqcabcopevg2vy,https://bsky.app/profile/did:plc:wz42aogg26a5na5utjsux62s/post/3llk4vpehrk23,Robert Oliphant,roboliphant.bsky.social,politician,incumbent parliamentary candidate,Liberal,party:Liberal,2025,2025-03-29T20:06:01.000000+0000,trump,AGAINST,1,AGAINST,"The post frames Trump as a threat that Mark Carney is standing up to and protecting the Canadian economy against, positioning Trump as an adversary.",haiku-4-5,2026-09-14T23:58:08.531806+00:00,3,2,1.5
bluesky,did:plc:jcuwdkcr5xetk7hf25wgehha__bafyreibgjxmvijgwzm5fdjlq4ehnvuxrksjrqlhp2j4obbyphjuuuvwbc4,https://bsky.app/profile/did:plc:jcuwdkcr5xetk7hf25wgehha/post/3ltf6ob5l5c23,Chris Glover,chrisgloverndp.bsky.social,politician,member of the provincial legislature,NDP,party:NDP,2025,2025-07-07T16:15:53.000000+0000,ford government,AGAINST,1,AGAINST,"The post directly criticizes the Ford government's policy of funding private surgical clinics, calling it corporate welfare and claiming it increases costs and wait times.",haiku-4-5,2026-09-14T23:58:08.538197+00:00,2,2,1.0
bluesky,did:plc:jcuwdkcr5xetk7hf25wgehha__bafyreibgjxmvijgwzm5fdjlq4ehnvuxrksjrqlhp2j4obbyphjuuuvwbc4,https://bsky.app/profile/did:plc:jcuwdkcr5xetk7hf25wgehha/post/3ltf6ob5l5c23,Chris Glover,chrisgloverndp.bsky.social,politician,member of the provincial legislature,NDP,party:NDP,2025,2025-07-07T16:15:53.000000+0000,private surgical clinics,AGAINST,1,AGAINST,"The post opposes private surgical clinics, arguing they charge taxpayers more and increase wait times, framing them as a form of corporate welfare.",haiku-4-5,2026-09-14T23:58:08.538197+00:00,2,2,1.0
bluesky,did:plc:yddkfd4g3gkavzag6rv2fqqh__bafyreibuoca6f4vbweokfbt2iskgelq32anmnn2fomadeuczryqaqbvs2u,https://bsky.app/profile/did:plc:yddkfd4g3gkavzag6rv2fqqh/post/3lovzmcjg3c2c,Paul Lane,paullanemha.bsky.social,politician,member of the provincial legislature,Independent,party:Independent,2025,2025-05-11T17:54:36.000000+0000,luke macpherson,FAVOR,1,FAVOR,"The post gives a congratulatory shout-out to Luke MacPherson on his selection for the Wrestling NL Team, explicitly praising his achievement with 'Way to go Luke!'",haiku-4-5,2026-09-14T23:58:08.612204+00:00,2,2,1.0
bluesky,did:plc:yddkfd4g3gkavzag6rv2fqqh__bafyreibuoca6f4vbweokfbt2iskgelq32anmnn2fomadeuczryqaqbvs2u,https://bsky.app/profile/did:plc:yddkfd4g3gkavzag6rv2fqqh/post/3lovzmcjg3c2c,Paul Lane,paullanemha.bsky.social,politician,member of the provincial legislature,Independent,party:Independent,2025,2025-05-11T17:54:36.000000+0000,nl wrestling team,FAVOR,1,FAVOR,"The post celebrates Luke MacPherson's selection to the Wrestling NL Team at the Canada Games, presenting the team selection as a positive achievement worthy of recognition.",haiku-4-5,2026-09-14T23:58:08.612204+00:00,2,2,1.0
bluesky,did:plc:enxqwi3p34i4etwwd4vgz3xy__bafyreidghkhlp75afwjoxvnn4ispcn5jpl3t4ps65h3nzutclnjdbxldmy,https://bsky.app/profile/did:plc:enxqwi3p34i4etwwd4vgz3xy/post/3lncdztsw6w2h,Sheena Sharp,sheenasharp.bsky.social,politician,non-incumbent parliamentary candidate,Green,party:Green,2025,2025-04-21T04:42:41.000000+0000,conservative,AGAINST,1,AGAINST,"The post replies to polling data showing Conservative/Poilievre support among young men, and the author's response dismisses the reasons for that support while calling to vote them out.",haiku-4-5,2026-09-14T23:58:08.705335+00:00,2,2,1.0
bluesky,did:plc:enxqwi3p34i4etwwd4vgz3xy__bafyreidghkhlp75afwjoxvnn4ispcn5jpl3t4ps65h3nzutclnjdbxldmy,https://bsky.app/profile/did:plc:enxqwi3p34i4etwwd4vgz3xy/post/3lncdztsw6w2h,Sheena Sharp,sheenasharp.bsky.social,politician,non-incumbent parliamentary candidate,Green,party:Green,2025,2025-04-21T04:42:41.000000+0000,poilievre conservative,AGAINST,1,AGAINST,"The post directly references the parent's mention of Poilievre/Conservative polling and explicitly calls to 'KEEP PP OUT. VOTE!', opposing them.",haiku-4-5,2026-09-14T23:58:08.705335+00:00,2,2,1.0
bluesky,did:plc:fna736ofnorbrpuzavoem6iy__bafyreia44h5o7kdtavghynlahv75ooqehgz4zn3xgp4vyrqub6zs6dj65e,https://bsky.app/profile/did:plc:fna736ofnorbrpuzavoem6iy/post/3lodmmasars2u,Erkin Öncan,erknoncn.bsky.social,foreign,journalist,,type:foreign,2025,2025-05-04T10:14:00.000000+0000,anlaşma,NEUTRAL,1,NEUTRAL,The post reports on a US-Ukraine agreement and raises questions about its implications for Ukrainian politics. It discusses the agreement as a news subject without taking a position for or against it.,haiku-4-5,2026-09-14T23:58:08.713608+00:00,3,2,1.5
bluesky,did:plc:fna736ofnorbrpuzavoem6iy__bafyreia44h5o7kdtavghynlahv75ooqehgz4zn3xgp4vyrqub6zs6dj65e,https://bsky.app/profile/did:plc:fna736ofnorbrpuzavoem6iy/post/3lodmmasars2u,Erkin Öncan,erknoncn.bsky.social,foreign,journalist,,type:foreign,2025,2025-05-04T10:14:00.000000+0000,kiev,NEUTRAL,1,NEUTRAL,"The post asks what awaits Kiev following the agreement, treating the city as the setting for the agreement's political consequences rather than taking a stance on Kiev itself.",haiku-4-5,2026-09-14T23:58:08.713608+00:00,3,2,1.5
bluesky,did:plc:4lx6nur5wstwoc4wtgj56kyu__bafyreifz7z24gi3xdeanf3spnbp7it6hw7tcfurzc4ro7hwivqsbcpfpjy,https://bsky.app/profile/did:plc:4lx6nur5wstwoc4wtgj56kyu/post/3lqwwpohxk227,George Conway,gtconway.bsky.social,influencer,podcaster,,type:influencer,2025,2025-06-06T13:25:51.000000+0000,elon musk,NEUTRAL,1,AGAINST,"The parent post describes an implosion between Trump and Musk that disrupted peace-brokering efforts. The reply 'You hate to see it' expresses disapproval of this situation, which centers on Musk's conflict with Trump.",haiku-4-5,2026-09-14T23:58:08.823336+00:00,2,2,1.0
bluesky,did:plc:4lx6nur5wstwoc4wtgj56kyu__bafyreifz7z24gi3xdeanf3spnbp7it6hw7tcfurzc4ro7hwivqsbcpfpjy,https://bsky.app/profile/did:plc:4lx6nur5wstwoc4wtgj56kyu/post/3lqwwpohxk227,George Conway,gtconway.bsky.social,influencer,podcaster,,type:influencer,2025,2025-06-06T13:25:51.000000+0000,trump,NEUTRAL,1,AGAINST,"The parent post describes an implosion between Trump and Musk. The reply 'You hate to see it' expresses disapproval of this situation, which centers on Trump's conflict with Musk.",haiku-4-5,2026-09-14T23:58:08.823336+00:00,2,2,1.0
bluesky,did:plc:haz6djeevzufb4fhgeyesn4i__bafyreib5jbyzqkeu6q3putpu2apwn34mj5pldin3qs6lnlv3xvacmuhts4,https://bsky.app/profile/did:plc:haz6djeevzufb4fhgeyesn4i/post/3luj465do3c22,Decolonize Myself,decolonizemyself.bsky.social,influencer,activist,,type:influencer,2025,2025-07-21T23:06:55.000000+0000,business,NEUTRAL,0,NEUTRAL,"The word 'business' appears only as a generic reference in the link description ('if a business is sold'), not as a subject the post takes a position on. The post is about Ontario's water permit system changes and environmental concerns, not about business as a category.",haiku-4-5,2026-09-14T23:58:09.144310+00:00,1,1,1.0
bluesky,did:plc:64ya3hfliv42w2np5dojevlv__bafyreihs56vnyym33a6f7wxilvprl3nelmexzhw4samqwkrokscrzpnage,https://bsky.app/profile/did:plc:64ya3hfliv42w2np5dojevlv/post/3m6ibmte5i226,Patrick Bonin,patbonin.bsky.social,politician,member of parliament,Bloc Québécois,party:Bloc Québécois,2025,2025-11-25T21:23:54.000000+0000,climate-related disaster response,AGAINST,0,NEUTRAL,"The post criticizes Canada's climate action generally, not disaster response specifically. The target does not match what the post discusses.",haiku-4-5,2026-09-14T23:58:09.660973+00:00,6,2,3.0
bluesky,did:plc:64ya3hfliv42w2np5dojevlv__bafyreihs56vnyym33a6f7wxilvprl3nelmexzhw4samqwkrokscrzpnage,https://bsky.app/profile/did:plc:64ya3hfliv42w2np5dojevlv/post/3m6ibmte5i226,Patrick Bonin,patbonin.bsky.social,politician,member of parliament,Bloc Québécois,party:Bloc Québécois,2025,2025-11-25T21:23:54.000000+0000,petroleum,AGAINST,1,AGAINST,"The post explicitly states 'Encore le pétrole avant l'avenir' (petroleum before the future), criticizing petroleum as a priority that undermines climate action.",haiku-4-5,2026-09-14T23:58:09.660973+00:00,6,2,3.0
bluesky,did:plc:g57vainhbxdfwq63roizao6x__bafyreifz5c4kqibnw7ibhd6lq3fhvwstekk52cdei6dbcbn2incjg2t3qe,https://bsky.app/profile/did:plc:g57vainhbxdfwq63roizao6x/post/3mbwtx34tts2t,Rechie Valdez,rechievaldez.bsky.social,politician,member of parliament,Liberal,party:Liberal,2026,2026-01-08T20:44:36.000000+0000,women of impact fellows,FAVOR,1,FAVOR,The post celebrates meeting with and supporting Women of Impact Fellows as part of building stronger leaders and connections in the community. The framing is positive and endorsing.,haiku-4-5,2026-09-14T23:58:09.798878+00:00,1,1,1.0
bluesky,did:plc:3hvwk2yff57vyftprorhf45u__bafyreihsmy7dz6yswt7exvqe3nvc4yarmf7xoxwotwuiu5rfe7f25rszom,https://bsky.app/profile/did:plc:3hvwk2yff57vyftprorhf45u,Caroline Wawzonek,carolinewawzonek.bsky.social,politician,member of the provincial legislature,,type:politician,2026,2026-02-05T17:07:48.000000+0000,budget day,NEUTRAL,1,NEUTRAL,"The post references Budget Day as the occasion for the post, mentioning it as a tradition. The post reports on the event without taking a position for or against it.",haiku-4-5,2026-09-14T23:58:10.388607+00:00,2,2,1.0
bluesky,did:plc:3hvwk2yff57vyftprorhf45u__bafyreihsmy7dz6yswt7exvqe3nvc4yarmf7xoxwotwuiu5rfe7f25rszom,https://bsky.app/profile/did:plc:3hvwk2yff57vyftprorhf45u,Caroline Wawzonek,carolinewawzonek.bsky.social,politician,member of the provincial legislature,,type:politician,2026,2026-02-05T17:07:48.000000+0000,shoes,NEUTRAL,1,NEUTRAL,The post's main subject is the author's shoes and the story they tell on Budget Day. The post describes them without arguing for or against shoes themselves.,haiku-4-5,2026-09-14T23:58:10.388607+00:00,2,2,1.0
bluesky,did:plc:rs2txu4b7pc7qyvlf2xko23u__bafyreih5i4rfyeqyp7pkjymnrj4y3pyt5c3woqzgwp6dh45qm6fssg2444,https://bsky.app/profile/did:plc:rs2txu4b7pc7qyvlf2xko23u,Norm Di Pasquale,normsworld.bsky.social,influencer,commentator,NDP,party:NDP,2026,2026-02-13T15:53:34.000000+0000,local democracy,FAVOR,1,FAVOR,"The reposted post explicitly calls to 'speak up for local democracy,' framing it as something worth defending. By reposting this, the account endorses the call to support it.",haiku-4-5,2026-09-14T23:58:10.468101+00:00,2,2,1.0
bluesky,did:plc:rs2txu4b7pc7qyvlf2xko23u__bafyreih5i4rfyeqyp7pkjymnrj4y3pyt5c3woqzgwp6dh45qm6fssg2444,https://bsky.app/profile/did:plc:rs2txu4b7pc7qyvlf2xko23u,Norm Di Pasquale,normsworld.bsky.social,influencer,commentator,NDP,party:NDP,2026,2026-02-13T15:53:34.000000+0000,public school,FAVOR,1,FAVOR,"The reposted post explicitly calls to 'speak up for public schools,' positioning them as something to be defended. The account's repost of this material endorses that position.",haiku-4-5,2026-09-14T23:58:10.468101+00:00,2,2,1.0
bluesky,did:plc:ze23ilgt63jb3drobebueycg__bafyreif6xtvkcdra4u3c4v5cghqug3zm4q5jb457kkly33nmsno64ae4ra,https://bsky.app/profile/did:plc:ze23ilgt63jb3drobebueycg,Alexandre Leduc,alexandreleduc.bsky.social,politician,member of the provincial legislature,Québec solidaire,party:Other party,2026,2026-02-21T23:45:06.000000+0000,elementary education standards,NEUTRAL,0,NEUTRAL,"The post discusses perseverance, seeking support, and celebrating success in education generally, but does not address or take a position on elementary education standards specifically.",haiku-4-5,2026-09-14T23:58:10.479042+00:00,5,2,2.5
bluesky,did:plc:ze23ilgt63jb3drobebueycg__bafyreif6xtvkcdra4u3c4v5cghqug3zm4q5jb457kkly33nmsno64ae4ra,https://bsky.app/profile/did:plc:ze23ilgt63jb3drobebueycg,Alexandre Leduc,alexandreleduc.bsky.social,politician,member of the provincial legislature,Québec solidaire,party:Other party,2026,2026-02-21T23:45:06.000000+0000,student academic performance,FAVOR,0,NEUTRAL,"While the post celebrates success and mentions young people in formation, it does not discuss or take a stance on student academic performance as a measurable outcome or policy matter.",haiku-4-5,2026-09-14T23:58:10.479042+00:00,5,2,2.5
bluesky,did:plc:csuf5t2a44ktlh5clnhnuppx__bafyreiflf57nkiddc3tvj3u3iykciwkiao3lwbowr3w6sd23ucjyg77qay,https://bsky.app/profile/did:plc:csuf5t2a44ktlh5clnhnuppx,Yves-François Blanchet,yfblanchet.bsky.social,politician,member of parliament,Bloc Québécois,party:Bloc Québécois,2026,2026-03-06T12:24:29.000000+0000,military operations,NEUTRAL,1,NEUTRAL,"The post discusses different types of military actions (anti-missile defense, missile attacks, combat aircraft, naval vessels, ground troops) and distinguishes between defensive support and participation in attacks. It is making analytical distinctions about military operations without taking a position for or against them.",haiku-4-5,2026-09-14T23:58:10.629478+00:00,5,2,2.5
bluesky,did:plc:csuf5t2a44ktlh5clnhnuppx__bafyreiflf57nkiddc3tvj3u3iykciwkiao3lwbowr3w6sd23ucjyg77qay,https://bsky.app/profile/did:plc:csuf5t2a44ktlh5clnhnuppx,Yves-François Blanchet,yfblanchet.bsky.social,politician,member of parliament,Bloc Québécois,party:Bloc Québécois,2026,2026-03-06T12:24:29.000000+0000,missiles,NEUTRAL,1,NEUTRAL,"The post mentions missiles as part of its taxonomy of military actions (anti-missile defense and missile attacks), but does not take a position on missiles themselves—it is simply categorizing different types of military operations.",haiku-4-5,2026-09-14T23:58:10.629478+00:00,5,2,2.5
bluesky,did:plc:pkysaub2s5bbnvszblg7o4js__bafyreibpk3c2iacpajjecgf6syoq5uymnqvaxrhnc6kvantrqvzjxi4a4i,https://bsky.app/profile/did:plc:pkysaub2s5bbnvszblg7o4js,Greg McLean,gregmcleanyyc.bsky.social,politician,member of parliament,Conservative,party:Conservative,2026,2026-02-07T19:56:33.000000+0000,mark carney,AGAINST,1,AGAINST,"The post criticizes Carney's promise to handle President Trump as 'now empty', blaming him for the Conservatives' failure to do even better in the election.",haiku-4-5,2026-09-14T23:58:10.649059+00:00,6,2,3.0
bluesky,did:plc:pkysaub2s5bbnvszblg7o4js__bafyreibpk3c2iacpajjecgf6syoq5uymnqvaxrhnc6kvantrqvzjxi4a4i,https://bsky.app/profile/did:plc:pkysaub2s5bbnvszblg7o4js,Greg McLean,gregmcleanyyc.bsky.social,politician,member of parliament,Conservative,party:Conservative,2026,2026-02-07T19:56:33.000000+0000,mclean,FAVOR,0,NEUTRAL,"The target is the account holder's own name, appearing only in the parent post's form of address, not something this post discusses or takes a position on.",haiku-4-5,2026-09-14T23:58:10.649059+00:00,6,2,3.0
bluesky,did:plc:6lf4mqeuilmro75uc6jy72dd__bafyreih4tllq5yxykcragpbv44jsuf2sg7b4dxub2trpbmfnwinzkjjnhe,https://bsky.app/profile/did:plc:6lf4mqeuilmro75uc6jy72dd,Mark Gerretsen,markgerretsen.bsky.social,politician,member of parliament,Liberal,party:Liberal,2026,2026-03-11T03:18:42.000000+0000,alert,NEUTRAL,0,NEUTRAL,"The word 'alert' is a generic interjection used as a formatting device in the post's headline, not a subject the post takes a position on.",haiku-4-5,2026-09-14T23:58:11.042749+00:00,2,2,1.0
bluesky,did:plc:6lf4mqeuilmro75uc6jy72dd__bafyreih4tllq5yxykcragpbv44jsuf2sg7b4dxub2trpbmfnwinzkjjnhe,https://bsky.app/profile/did:plc:6lf4mqeuilmro75uc6jy72dd,Mark Gerretsen,markgerretsen.bsky.social,politician,member of parliament,Liberal,party:Liberal,2026,2026-03-11T03:18:42.000000+0000,floor crossing,NEUTRAL,1,NEUTRAL,"The post announces a floor crossing event with an attention-grabbing emoji and headline, but provides no additional context or commentary that would indicate a stance for or against floor crossings themselves.",haiku-4-5,2026-09-14T23:58:11.042749+00:00,2,2,1.0
bluesky,did:plc:serlxfuuco5zwtgjbezfqib5__bafyreie6ccd7bk5rqxbmrny5vjndsjsbyri6d4ihridwpwavrpdwfxm6ai,https://bsky.app/profile/did:plc:serlxfuuco5zwtgjbezfqib5,Charlie Angus,charlieangus104.bsky.social,influencer,commentator,NDP,party:NDP,2026,2026-03-20T14:02:15.000000+0000,canadians,FAVOR,0,NEUTRAL,"The target appears in the parent post's question about Canadians fighting in Spain, but the reply itself is simply a book recommendation with no discussion of Canadians or their actions. The post is about recommending a specific book, not about Canadians.",haiku-4-5,2026-09-14T23:58:11.061972+00:00,1,1,1.0
bluesky,did:plc:sonphrx3wjakqqng3sgohnyf__bafyreifkikwq6wyp7m46tfjrij5wgy5n5nadismv3fcxu74ut7oectomtq,https://bsky.app/profile/did:plc:sonphrx3wjakqqng3sgohnyf,Elizabeth May,elizabethemay.bsky.social,politician,member of parliament,Green,party:Green,2026,2026-06-18T16:08:02.000000+0000,liberal government,AGAINST,1,AGAINST,"The reposted text directly criticizes the Liberal government for bulldozing Bill C-30 and selling out Canadians' health and safety. By reposting this without comment, the account endorses this criticism.",haiku-4-5,2026-09-14T23:58:11.704364+00:00,1,1,1.0
bluesky,did:plc:yddkfd4g3gkavzag6rv2fqqh__bafyreibfc7jn5j4juqz3gimo6q7lwjtag6pychftuq7tdhaairvqeblaba,https://bsky.app/profile/did:plc:yddkfd4g3gkavzag6rv2fqqh,Paul Lane,paullanemha.bsky.social,politician,member of the provincial legislature,Independent,party:Independent,2026,2026-05-14T23:22:21.000000+0000,junior high girls senior soccer team,FAVOR,1,FAVOR,"The post directly congratulates the St. Peter's Junior High Girls Senior Soccer Team on their achievement, celebrating their gold medal win with enthusiastic language.",haiku-4-5,2026-09-14T23:58:11.857808+00:00,2,2,1.0
bluesky,did:plc:yddkfd4g3gkavzag6rv2fqqh__bafyreibfc7jn5j4juqz3gimo6q7lwjtag6pychftuq7tdhaairvqeblaba,https://bsky.app/profile/did:plc:yddkfd4g3gkavzag6rv2fqqh,Paul Lane,paullanemha.bsky.social,politician,member of the provincial legislature,Independent,party:Independent,2026,2026-05-14T23:22:21.000000+0000,school sport,FAVOR,1,FAVOR,"The post celebrates a school sports achievement and uses community-focused hashtags, implicitly endorsing school sports as a positive community activity.",haiku-4-5,2026-09-14T23:58:11.857808+00:00,2,2,1.0
bluesky,did:plc:sgti3jsgu3luif24tokvth3a__bafyreiahxu3p3gy5hif5ylynrd55lpi5z2n7g2zpp3csjasf3zm5uwa3ai,https://bsky.app/profile/did:plc:sgti3jsgu3luif24tokvth3a,John Marshall,joshtpm.bsky.social,influencer,journalist,,type:influencer,2026,2026-05-23T12:42:21.000000+0000,fred trump's mysterious kkk riot,NEUTRAL,1,NEUTRAL,"The post shares a news article about Fred Trump's KKK riot arrest. The account is circulating the story, which makes the subject relevant, but the post itself takes no position on it—it is a neutral news share with a headline.",haiku-4-5,2026-09-14T23:58:11.987248+00:00,1,1,1.0
instagram,2757134029982370307_19112708250,https://www.instagram.com/p/CZDTsrXPYoD/,Naomi Chocyk,ppcnaomi,politician,non-incumbent parliamentary candidate,PPC,party:PPC,2022,2022-01-23T00:00:10.000000+0000,quebec regional governance,NEUTRAL,0,NEUTRAL,The post is about Vancouver and contains no discussion of Quebec or its governance. The target appears to be unrelated to the post's content.,haiku-4-5,2026-09-14T23:58:12.132407+00:00,5,2,2.5
instagram,2757134029982370307_19112708250,https://www.instagram.com/p/CZDTsrXPYoD/,Naomi Chocyk,ppcnaomi,politician,non-incumbent parliamentary candidate,PPC,party:PPC,2022,2022-01-23T00:00:10.000000+0000,vancouver,FAVOR,1,FAVOR,"The post explicitly expresses pride in the city with enthusiastic language and emojis, and Vancouver is the primary subject of the post.",haiku-4-5,2026-09-14T23:58:12.132407+00:00,5,2,2.5
instagram,7682123|2749807207791779078,https://www.instagram.com/p/CYpRxYdPN0G/,Jamie West,jamiewestndp,politician,member of the provincial legislature,NDP,party:NDP,2022,2022-01-12T21:23:07.000000+0000,good neighbours award nominations,FAVOR,1,FAVOR,"The post is a reminder to submit nominations for the Good Neighbour award, with a deadline. The account is promoting participation in the program.",haiku-4-5,2026-09-14T23:58:12.175988+00:00,1,1,1.0
instagram,12855945|2817845318952877939,https://www.instagram.com/p/Cca_2NULv9z/,Caroline Proulx,carolineaubureau,politician,member of the provincial legislature,Coalition avenir Québec,party:Other party,2022,2022-04-16T18:22:40.000000+0000,everything that counts,NEUTRAL,0,NEUTRAL,"The phrase 'Tout ce qui compte' (everything that counts) is a vague, generic expression used as a caption alongside a family photo tag. It is not a coherent subject the post takes a position on, and the post does not discuss or engage with any specific idea or policy.",haiku-4-5,2026-09-14T23:58:12.524313+00:00,1,1,1.0
instagram,26331725|2851300333038860855,https://www.instagram.com/p/CeR2ovKu_o3/,Megan Mitton,meganmittonnb,politician,member of the provincial legislature,Green,party:Green,2022,2022-06-01T22:11:48.000000+0000,early childhood education access,FAVOR,1,FAVOR,"The post discusses the $10/day childcare and early childhood education bill as 'a step in the right direction,' explicitly supporting the policy while noting gaps that should be addressed.",haiku-4-5,2026-09-14T23:58:12.776204+00:00,4,2,2.0
instagram,26331725|2851300333038860855,https://www.instagram.com/p/CeR2ovKu_o3/,Megan Mitton,meganmittonnb,politician,member of the provincial legislature,Green,party:Green,2022,2022-06-01T22:11:48.000000+0000,early childhood education and care,FAVOR,1,FAVOR,"The post examines the bill bringing in $10/day childcare and early childhood education, framing it positively as progress, though with constructive criticism about exclusions.",haiku-4-5,2026-09-14T23:58:12.776204+00:00,4,2,2.0
instagram,2863556056267151308_50326060899,https://www.instagram.com/p/Ce9ZQ-4ONfM/,P.J. Akeeagok,premierakeeagok,politician,member of the provincial legislature,,type:politician,2022,2022-06-18T20:01:44.000000+0000,sanikiluaq,FAVOR,1,FAVOR,"The post thanks Sanikiluaq for a warm welcome and hospitality, expressing gratitude and positive sentiment toward the community.",haiku-4-5,2026-09-14T23:58:13.381608+00:00,5,2,2.5
instagram,2863556056267151308_50326060899,https://www.instagram.com/p/Ce9ZQ-4ONfM/,P.J. Akeeagok,premierakeeagok,politician,member of the provincial legislature,,type:politician,2022,2022-06-18T20:01:44.000000+0000,warm welcome,FAVOR,1,FAVOR,"The post explicitly thanks the community for the warm welcome and hospitality, presenting it as something positive and appreciated.",haiku-4-5,2026-09-14T23:58:13.381608+00:00,5,2,2.5
bluesky,did:plc:sfm7y3c6iprnneo3xkmraxno__bafyreiah7mqrlsx272txxq7kol5tpydvk2stem4wvem76kyz3oxm2bukt4,https://bsky.app/profile/did:plc:sfm7y3c6iprnneo3xkmraxno,Rob Botterell,robbotterell.bsky.social,politician,member of the provincial legislature,Green Party Political Association of British Columbia,party:Green,2026,2026-05-27T18:12:52.000000+0000,bc education policy,NEUTRAL,0,NEUTRAL,"The post reports on the discovery of unmarked burials at a residential school but does not discuss or take a position on BC education policy itself. The residential school is historical, not current policy.",haiku-4-5,2026-09-14T23:58:13.459831+00:00,5,2,2.5
bluesky,did:plc:sfm7y3c6iprnneo3xkmraxno__bafyreiah7mqrlsx272txxq7kol5tpydvk2stem4wvem76kyz3oxm2bukt4,https://bsky.app/profile/did:plc:sfm7y3c6iprnneo3xkmraxno,Rob Botterell,robbotterell.bsky.social,politician,member of the provincial legislature,Green Party Political Association of British Columbia,party:Green,2026,2026-05-27T18:12:52.000000+0000,kamloops residential school,AGAINST,1,NEUTRAL,"The post is about the discovery of unmarked burials at this site, which the account chose to repost. The repost reports the discovery without arguing for or against anything; it is a factual announcement of a significant historical finding.",haiku-4-5,2026-09-14T23:58:13.459831+00:00,5,2,2.5
instagram,2860549415204542459_52641341142,https://www.instagram.com/p/CeytomLt9f7/,Isaac Evans‑Frantz,isaacforvt,foreign,influencer,,type:foreign,2022,2022-06-14T16:28:05.000000+0000,carbon emissions regulation,FAVOR,0,NEUTRAL,"The post mentions biking 'for climate' but does not discuss carbon emissions regulation specifically. Climate action is the general context, not a policy the post takes a position on.",haiku-4-5,2026-09-14T23:58:13.476183+00:00,5,2,2.5
instagram,2860549415204542459_52641341142,https://www.instagram.com/p/CeytomLt9f7/,Isaac Evans‑Frantz,isaacforvt,foreign,influencer,,type:foreign,2022,2022-06-14T16:28:05.000000+0000,justice,FAVOR,1,FAVOR,"The post explicitly states the bike trip is 'for climate and justice' and calls it 'an important event to uplift justice in Vermont,' clearly endorsing justice as a goal.",haiku-4-5,2026-09-14T23:58:13.476183+00:00,5,2,2.5
instagram,12141791|2878273830599870690,https://www.instagram.com/p/CfxrsyXNUji/,Devin Dreeshen,devindreeshen,politician,member of the provincial legislature,Conservative,party:Conservative,2022,2022-07-09T03:23:20.000000+0000,50th street into downtown sylvan lake,FAVOR,1,FAVOR,"The post celebrates the near-completion of this road project and credits the account with securing provincial funding for it, presenting it as a positive achievement.",haiku-4-5,2026-09-14T23:58:13.862747+00:00,2,2,1.0
instagram,12141791|2878273830599870690,https://www.instagram.com/p/CfxrsyXNUji/,Devin Dreeshen,devindreeshen,politician,member of the provincial legislature,Conservative,party:Conservative,2022,2022-07-09T03:23:20.000000+0000,new 50th and 60th street intersections,FAVOR,1,FAVOR,"The post praises the construction progress on these intersections and highlights the account's role in securing the $18M investment to build them, framing them as a positive accomplishment.",haiku-4-5,2026-09-14T23:58:13.862747+00:00,2,2,1.0
instagram,2886083729346667823_5041723016,https://www.instagram.com/p/CgNbdxXviUv/,Chak Au,chak.au,politician,member of parliament,Conservative,party:Conservative,2022,2022-07-19T22:00:15.000000+0000,richmond,FAVOR,1,FAVOR,"The post celebrates Richmond being ranked #1 in a survey of Canada's most-loved travel destinations and calls it 'a great honour for our city,' expressing clear support and pride in the city.",haiku-4-5,2026-09-14T23:58:13.958998+00:00,2,2,1.0
instagram,2886083729346667823_5041723016,https://www.instagram.com/p/CgNbdxXviUv/,Chak Au,chak.au,politician,member of parliament,Conservative,party:Conservative,2022,2022-07-19T22:00:15.000000+0000,travel destinations,FAVOR,1,FAVOR,"The post promotes Richmond as a travel destination, highlighting its appeal to summer visitors and inviting engagement about what makes it attractive, presenting it positively.",haiku-4-5,2026-09-14T23:58:13.958998+00:00,2,2,1.0
instagram,12855959|2918891630061826366,https://www.instagram.com/p/CiB_Hj7sjE-/,Xavier Barsalou-Duval,xavierbarsalouduval,politician,member of parliament,Bloc Québécois,party:Bloc Québécois,2022,2022-09-03T04:23:39.000000+0000,cowboys fringants,FAVOR,1,FAVOR,"The post celebrates attending a Cowboys Fringants concert and describes it as a 'super soirée' (great evening), showing clear support and enthusiasm for the band's performance.",haiku-4-5,2026-09-14T23:58:13.981529+00:00,3,2,1.5
instagram,12855959|2918891630061826366,https://www.instagram.com/p/CiB_Hj7sjE-/,Xavier Barsalou-Duval,xavierbarsalouduval,politician,member of parliament,Bloc Québécois,party:Bloc Québécois,2022,2022-09-03T04:23:39.000000+0000,evening,FAVOR,1,FAVOR,"The post describes the evening as 'super' and memorable, expressing positive sentiment about the event itself.",haiku-4-5,2026-09-14T23:58:13.981529+00:00,3,2,1.5
instagram,2867270951526059026_304452157,https://www.instagram.com/p/CfKl70sgcwS/,Benny Johnson,bennyjohnson,foreign,influencer,,type:foreign,2022,2022-06-23T23:03:03.000000+0000,america,FAVOR,1,FAVOR,"The post's caption praises Kari Lake as a 'BADASS' and the OCR text includes 'KEEP AMERICA AWESOME,' expressing support for America and conservative values.",haiku-4-5,2026-09-14T23:58:14.150820+00:00,5,2,2.5
instagram,2867270951526059026_304452157,https://www.instagram.com/p/CfKl70sgcwS/,Benny Johnson,bennyjohnson,foreign,influencer,,type:foreign,2022,2022-06-23T23:03:03.000000+0000,us international relations,FAVOR,0,NEUTRAL,"The post is about domestic conservative politics and memes, not about US international relations or foreign policy. This target does not match what the post discusses.",haiku-4-5,2026-09-14T23:58:14.150820+00:00,5,2,2.5
instagram,7683789|2969234270418817246,https://www.instagram.com/p/Ck01tZXOtDe/,Vincent Ke,vincentkempp,politician,member of the provincial legislature,Independent,party:Independent,2022,2022-11-11T15:25:29.000000+0000,veterans,FAVOR,1,FAVOR,"The post explicitly calls to honour veterans on Remembrance Day, framing them positively as people who have made sacrifices for the country.",haiku-4-5,2026-09-14T23:58:14.673940+00:00,1,1,1.0
instagram,2957587045034075938_391571504,https://www.instagram.com/p/CkLdb9bjaci/,Geroge Lee,theconsciouslee,influencer,commentator,,type:influencer,2022,2022-10-26T13:45:12.000000+0000,emoji,NEUTRAL,0,NEUTRAL,"The target 'emoji' is a generic reference to the format element itself, not a subject the post takes a position on. The post is too thin to determine what it is about.",haiku-4-5,2026-09-14T23:58:14.690432+00:00,2,2,1.0
instagram,2957587045034075938_391571504,https://www.instagram.com/p/CkLdb9bjaci/,Geroge Lee,theconsciouslee,influencer,commentator,,type:influencer,2022,2022-10-26T13:45:12.000000+0000,reaction,NEUTRAL,0,NEUTRAL,"The target 'reaction' is too vague and abstract to be a coherent subject. The post consists only of a question and laughing emoji, with no substantive content to analyze.",haiku-4-5,2026-09-14T23:58:14.690432+00:00,2,2,1.0
instagram,17794350|3027988330016119683,https://www.instagram.com/p/CoFk1fao5uD/,Kevin Vuong,kevinvuongmp,politician,member of parliament,Independent,party:Independent,2023,2023-01-31T16:59:19.000000+0000,skating rink,FAVOR,1,AGAINST,"The post criticizes Harbourfront Centre's decision to close the skating rink without community consultation, and the MP is organizing a town hall to oppose this closure.",haiku-4-5,2026-09-14T23:58:15.045315+00:00,1,1,1.0
instagram,2468534|2964858376409356951,https://www.instagram.com/p/CklSvwfOJqX/,Sonia Sidhu,soniasidhu,politician,member of parliament,Liberal,party:Liberal,2022,2022-11-05T14:31:22.000000+0000,prime minister justin trudeau,FAVOR,1,FAVOR,"The post names Trudeau as joining the account at a community service event, presenting his participation positively in the context of Canadian values and helping one another.",haiku-4-5,2026-09-14T23:58:15.058628+00:00,8,2,4.0
instagram,2468534|2964858376409356951,https://www.instagram.com/p/CklSvwfOJqX/,Sonia Sidhu,soniasidhu,politician,member of parliament,Liberal,party:Liberal,2022,2022-11-05T14:31:22.000000+0000,trudeau's leadership style,FAVOR,0,NEUTRAL,The post does not discuss or take a position on Trudeau's leadership style; it only reports his participation in a food bank event.,haiku-4-5,2026-09-14T23:58:15.058628+00:00,8,2,4.0
instagram,3080868469482086454_59316800360,https://www.instagram.com/p/CrBcYzDLmA2/,Ravenmoon Crocker,ravenmooncrocker,politician,non-incumbent parliamentary candidate,Green,party:Green,2023,2023-04-14T16:02:43.000000+0000,truth and reconciliation day,FAVOR,1,NEUTRAL,"The post announces that the account is observing Truth and Reconciliation Day, reporting on the action without arguing for or against the day itself.",haiku-4-5,2026-09-14T23:58:15.240867+00:00,1,1,1.0
instagram,12855955|3001372047192221771,https://www.instagram.com/p/CmnA_mXrehL/,Mathieu Lemay,mlemay_masson,politician,member of the provincial legislature,Coalition avenir Québec,party:Other party,2022,2022-12-25T23:37:31.000000+0000,cultural celebration events,FAVOR,0,NEUTRAL,"The post is a generic holiday greeting with no discussion of cultural celebration events as a topic or policy. It is a boilerplate seasonal message, not a substantive engagement with the target.",haiku-4-5,2026-09-14T23:58:15.423354+00:00,10,2,5.0
instagram,12855955|3001372047192221771,https://www.instagram.com/p/CmnA_mXrehL/,Mathieu Lemay,mlemay_masson,politician,member of the provincial legislature,Coalition avenir Québec,party:Other party,2022,2022-12-25T23:37:31.000000+0000,festivals,FAVOR,0,NEUTRAL,"The post is a holiday greeting that does not discuss or take a position on festivals. It is a personal seasonal message, not commentary on festivals as a subject.",haiku-4-5,2026-09-14T23:58:15.423354+00:00,10,2,5.0
instagram,8346430|3040218119738602123,https://www.instagram.com/p/CoxBkWqubKL/,Maxime Blanchette-Joncas,mbjdepute,politician,member of parliament,Bloc Québécois,party:Bloc Québécois,2023,2023-02-17T13:57:43.000000+0000,resilience,FAVOR,1,FAVOR,"The post presents resilience as one of three key values (Patience + Rigor + Resilience = Success) that the MP is promoting in the context of school perseverance, endorsing it as a path to success.",haiku-4-5,2026-09-14T23:58:15.800349+00:00,3,2,1.5
instagram,8346430|3040218119738602123,https://www.instagram.com/p/CoxBkWqubKL/,Maxime Blanchette-Joncas,mbjdepute,politician,member of parliament,Bloc Québécois,party:Bloc Québécois,2023,2023-02-17T13:57:43.000000+0000,rigor,FAVOR,1,FAVOR,"The post presents rigor as one of three key values (Patience + Rigor + Resilience = Success) that the MP is promoting in the context of school perseverance, endorsing it as a path to success.",haiku-4-5,2026-09-14T23:58:15.800349+00:00,3,2,1.5
instagram,7683980|3151932435830533945,https://www.instagram.com/p/Cu96dnJte85/,Lorne Coe,lornecoempp,politician,member of the provincial legislature,Conservative,party:Conservative,2023,2023-07-21T17:14:08.000000+0000,best batsman award,FAVOR,1,FAVOR,"The post describes the account presenting this award and congratulates the recipient on his exceptional abilities, presenting the award positively as well-deserved.",haiku-4-5,2026-09-14T23:58:15.968713+00:00,1,1,1.0
instagram,3086544964540680052_297601127,https://www.instagram.com/p/CrVnErCt8d0/,Amer Zhar,amerzahr,influencer,comedian,,type:influencer,2023,2023-04-22T12:00:54.000000+0000,amman,NEUTRAL,1,FAVOR,"Amman is listed as one of the tour cities for the author's new show, presented as a venue the author is promoting and encouraging ticket purchases for.",haiku-4-5,2026-09-14T23:58:16.181261+00:00,2,2,1.0
instagram,3086544964540680052_297601127,https://www.instagram.com/p/CrVnErCt8d0/,Amer Zhar,amerzahr,influencer,comedian,,type:influencer,2023,2023-04-22T12:00:54.000000+0000,tix,NEUTRAL,0,NEUTRAL,"This is a colloquial abbreviation for 'tickets' used in the caption's call-to-action, but it is not a subject the post takes a position on—it is boilerplate promotional language.",haiku-4-5,2026-09-14T23:58:16.181261+00:00,2,2,1.0
instagram,8125430|3127243932617848378,https://www.instagram.com/p/CtmM8mxrrY6/,Yves-François Blanchet,yfblanchetbq,politician,member of parliament,Bloc Québécois,party:Bloc Québécois,2023,2023-06-17T15:42:29.000000+0000,mon monde hier à pointe-valaine à otterburn park,FAVOR,0,NEUTRAL,"This phrase is a garbled extraction from the post's opening clause. The post is about attending a seniors' picnic event at a cultural centre in Otterburn Park, not about the phrase 'mon monde hier à pointe-valaine à otterburn park' as a coherent subject. The automatic system has pulled together fragments rather than identifying a meaningful target.",haiku-4-5,2026-09-14T23:58:16.325521+00:00,1,1,1.0
instagram,26331784|3163735226564736290,https://www.instagram.com/p/Cvn2G0mx_Ui/,Yannick Gagnon,ygagnoncaq,politician,member of the provincial legislature,Coalition avenir Québec,party:Other party,2023,2023-08-07T00:04:10.000000+0000,lac kénogami,FAVOR,1,FAVOR,"The post is a personal photo caption from the location, expressing affection for the lake with a heart emoji and positive language ('je t'❤️'), indicating a favorable stance toward it.",haiku-4-5,2026-09-14T23:58:16.403524+00:00,1,1,1.0
instagram,6938699|3181592532081178619,https://www.instagram.com/p/CwnSY0Wu_f7/,Michael Barrett,mikebarretton,politician,member of parliament,Conservative,party:Conservative,2023,2023-08-31T15:23:27.000000+0000,canadians are out of money,AGAINST,1,AGAINST,The post uses this phrase to criticize Justin Trudeau's government and argue that Conservatives will restore affordability. The phrase is central to the post's argument about economic hardship under the current government.,haiku-4-5,2026-09-14T23:58:16.496730+00:00,1,1,1.0
instagram,1258112|3162342242126787147,https://www.instagram.com/p/Cvi5YOwLfJL/,Adam van Koeverden,avankoeverden,politician,member of parliament,Liberal,party:Liberal,2023,2023-08-05T01:56:33.000000+0000,community sport,FAVOR,1,FAVOR,"The post extensively discusses community sport as beneficial for health, community cohesion, and youth development, and explicitly endorses the government's Community Sport For All Initiative that supports it.",haiku-4-5,2026-09-14T23:58:16.723216+00:00,5,2,2.5
instagram,1258112|3162342242126787147,https://www.instagram.com/p/Cvi5YOwLfJL/,Adam van Koeverden,avankoeverden,politician,member of parliament,Liberal,party:Liberal,2023,2023-08-05T01:56:33.000000+0000,physical activity,FAVOR,1,FAVOR,"The post opens by stating that physical activity keeps people mentally and physically healthy, presenting it as a positive value that sport provides.",haiku-4-5,2026-09-14T23:58:16.723216+00:00,5,2,2.5
instagram,3233969495684478464_23297586,https://www.instagram.com/p/CzhXh88uPYA/,Aaron Maté,aaronjmate,foreign,journalist,,type:foreign,2023,2023-11-11T21:47:23.000000+0000,gaza,NEUTRAL,1,NEUTRAL,The post announces a live discussion about Gaza. It reports on the content without taking a position for or against Gaza itself.,haiku-4-5,2026-09-14T23:58:17.438811+00:00,1,1,1.0
instagram,3199407525534975564_51262545533,https://www.instagram.com/p/CxmlDF7OUZM/,Kirs and Dave,kris.and.dave,influencer,commentator,,type:influencer,2023,2023-09-25T05:18:39.000000+0000,dave,FAVOR,1,FAVOR,"The post is a wedding anniversary tribute to Dave, celebrating him as the author's spouse and 'the absolute joy of my life.' The entire post expresses affection and appreciation for him.",haiku-4-5,2026-09-14T23:58:17.492649+00:00,2,2,1.0
instagram,3199407525534975564_51262545533,https://www.instagram.com/p/CxmlDF7OUZM/,Kirs and Dave,kris.and.dave,influencer,commentator,,type:influencer,2023,2023-09-25T05:18:39.000000+0000,wedding,FAVOR,1,FAVOR,"The post celebrates the author's wedding day 19 years ago, describing it as 'one of my most favorite' and 'the best adventure of my life,' with warm memories of the event and details.",haiku-4-5,2026-09-14T23:58:17.492649+00:00,2,2,1.0
instagram,7682123|3209731237115075983,https://www.instagram.com/p/CyLQY3kuB2P/,Jamie West,jamiewestndp,politician,member of the provincial legislature,NDP,party:NDP,2023,2023-10-09T11:10:05.000000+0000,province,FAVOR,1,NEUTRAL,"The post mentions the province as a place to be thankful for, but this is a general Thanksgiving sentiment without taking a position on provincial policy or governance.",haiku-4-5,2026-09-14T23:58:17.649654+00:00,5,2,2.5
instagram,7682123|3209731237115075983,https://www.instagram.com/p/CyLQY3kuB2P/,Jamie West,jamiewestndp,politician,member of the provincial legislature,NDP,party:NDP,2023,2023-10-09T11:10:05.000000+0000,provincial energy policy,NEUTRAL,0,NEUTRAL,The post does not discuss or take a position on energy policy; it is a Thanksgiving message about gratitude and helping those in need.,haiku-4-5,2026-09-14T23:58:17.649654+00:00,5,2,2.5
instagram,3214527068843415317_44881607947,https://www.instagram.com/p/CycS1Z7ShcV/,Michael Bayer,free.speech.media,politician,non-incumbent parliamentary candidate,PPC,party:PPC,2023,2023-10-16T01:59:59.000000+0000,massive crowd of hamas supporters,AGAINST,1,AGAINST,"The post describes a crowd in Mississauga as Hamas supporters and frames their chanting and activism as connected to terrorism and calls for Israel's destruction. The account presents this crowd negatively, linking them to Hamas's violence and the October 7 attack.",haiku-4-5,2026-09-14T23:58:17.707046+00:00,1,1,1.0
instagram,3206938668194997892_3150224242,https://www.instagram.com/p/CyBVbpGOiaE/,Adam Olsen,adamphillipolsen,politician,member of the provincial legislature,Green,party:Green,2023,2023-10-05T14:41:42.000000+0000,bc public media,NEUTRAL,0,NEUTRAL,BC Public Media is not mentioned in the post and is not what the post is about. The post discusses a response to a ministerial statement on the National Day for Truth and Reconciliation.,haiku-4-5,2026-09-14T23:58:17.909234+00:00,5,2,2.5
instagram,3206938668194997892_3150224242,https://www.instagram.com/p/CyBVbpGOiaE/,Adam Olsen,adamphillipolsen,politician,member of the provincial legislature,Green,party:Green,2023,2023-10-05T14:41:42.000000+0000,national day for truth and reconciliation,FAVOR,1,FAVOR,"The post is about the author's response to a ministerial statement regarding this statutory holiday. The framing as a positive occasion being marked provincially, and the author's engagement with it through the Green Caucus, indicates support.",haiku-4-5,2026-09-14T23:58:17.909234+00:00,5,2,2.5
instagram,3259203872487913595_44109327912,https://www.instagram.com/p/C07BKduODh7/,Paul Lane,paullane929,politician,member of the provincial legislature,Independent,party:Independent,2023,2023-12-16T17:23:20.000000+0000,food bank,FAVOR,1,FAVOR,"The post praises the soccer team for donating to the food bank, presenting the donation as a positive community action worthy of recognition.",haiku-4-5,2026-09-14T23:58:18.037299+00:00,2,2,1.0
instagram,3259203872487913595_44109327912,https://www.instagram.com/p/C07BKduODh7/,Paul Lane,paullane929,politician,member of the provincial legislature,Independent,party:Independent,2023,2023-12-16T17:23:20.000000+0000,soccer team,FAVOR,1,FAVOR,The post gives a 'BIG Shout Out' to the team and celebrates their community spirit and charitable action with enthusiastic language ('Way to go ladies!').,haiku-4-5,2026-09-14T23:58:18.037299+00:00,2,2,1.0
instagram,7485438|3262731533927549156,https://www.instagram.com/p/C1HjQsdN4jk/,Sylvie D'Amours,sdamoursmira,politician,member of the provincial legislature,Coalition avenir Québec,party:Other party,2023,2023-12-21T14:12:10.000000+0000,mirabel local action committee,FAVOR,1,FAVOR,"The post celebrates a special meal with the committee and praises their good actions and community involvement over the past year, explicitly thanking them.",haiku-4-5,2026-09-14T23:58:18.076082+00:00,1,1,1.0
instagram,3236664370682163626_1545891820,https://www.instagram.com/p/Czq8Ri3rHGq/,Mat Siscoe,matsiscoe,politician,head of municipal government,,type:politician,2023,2023-11-15T15:01:24.000000+0000,central library,FAVOR,1,FAVOR,"The post names the Central Library as one of the donation locations for the Food For Books initiative and praises the St. Catharines Library for their community dedication, presenting the library positively.",haiku-4-5,2026-09-14T23:58:18.198134+00:00,7,2,3.5
instagram,3236664370682163626_1545891820,https://www.instagram.com/p/Czq8Ri3rHGq/,Mat Siscoe,matsiscoe,politician,head of municipal government,,type:politician,2023,2023-11-15T15:01:24.000000+0000,community support programs,FAVOR,1,FAVOR,"The post promotes the Food For Books program as an important community initiative and encourages donations to support Community Care St. Catharines and Thorold, endorsing these community support efforts.",haiku-4-5,2026-09-14T23:58:18.198134+00:00,7,2,3.5
instagram,3351401890742747764_455767641,https://www.instagram.com/p/C6CkkNdS0J0/,Brad West,brad_west_,politician,head of municipal government,,type:politician,2024,2024-04-21T22:24:20.000000+0000,vancouver canucks,FAVOR,1,FAVOR,"The post explicitly supports the Canucks' playoff journey with celebratory language ('GO CANUCKS GO!'), announces City Hall will illuminate in their colors, and promotes community viewing events. This is clear endorsement and promotion of the team.",haiku-4-5,2026-09-14T23:58:19.117400+00:00,1,1,1.0
instagram,2473418|3302739169346303225,https://www.instagram.com/p/C3Vr8aep7T5/,Carla Qualtrough,carlaqualtroughdelta,politician,member of parliament,Liberal,party:Liberal,2024,2024-02-14T19:00:11.000000+0000,local heroes,FAVOR,1,FAVOR,"The post celebrates and honours veterans as 'local heroes' through the Valentine's Day initiative, expressing appreciation and support for them.",haiku-4-5,2026-09-14T23:58:19.241881+00:00,3,2,1.5
instagram,2473418|3302739169346303225,https://www.instagram.com/p/C3Vr8aep7T5/,Carla Qualtrough,carlaqualtroughdelta,politician,member of parliament,Liberal,party:Liberal,2024,2024-02-14T19:00:11.000000+0000,team,FAVOR,1,FAVOR,"The post thanks the team for joining forces in the initiative, presenting their participation positively as part of a collaborative effort to honour veterans.",haiku-4-5,2026-09-14T23:58:19.241881+00:00,3,2,1.5
instagram,20250040|3343883770296253768,https://www.instagram.com/p/C5n3JKKs71I/,Louise Chabot,louisechabotbq,politician,member of parliament,Bloc Québécois,party:Bloc Québécois,2024,2024-04-11T13:27:10.000000+0000,political power,AGAINST,0,NEUTRAL,The post does not discuss or take a position on political power as a concept. The phrase does not appear in the text and is not what the post is about.,haiku-4-5,2026-09-14T23:58:19.407363+00:00,6,2,3.0
instagram,20250040|3343883770296253768,https://www.instagram.com/p/C5n3JKKs71I/,Louise Chabot,louisechabotbq,politician,member of parliament,Bloc Québécois,party:Bloc Québécois,2024,2024-04-11T13:27:10.000000+0000,political right,NEUTRAL,1,FAVOR,"The post defends Quebec's jurisdictional rights ('nos champs de compétence') against federal Liberal interference in housing policy, arguing the Liberals are overstepping into Quebec's domain.",haiku-4-5,2026-09-14T23:58:19.407363+00:00,6,2,3.0
instagram,3386134260438522367_15774962425,https://www.instagram.com/p/C799ytbN9n_/,Mario Beaulieu,mariobeaulieu_bq,politician,member of parliament,Bloc Québécois,party:Bloc Québécois,2024,2024-06-08T20:31:21.000000+0000,federal government,AGAINST,1,AGAINST,"The post quotes criticism of the federal government's language policy, accusing it of financing the anglophone community and attempting to assimilate Quebec. The account endorses this critique by sharing it approvingly.",haiku-4-5,2026-09-14T23:58:19.436029+00:00,1,1,1.0
instagram,26331813|3403653365027099660,https://www.instagram.com/p/C88NLPBANQM/,Branden Leslie,BrandenCPC,politician,member of parliament,Conservative,party:Conservative,2024,2024-07-03T00:38:41.000000+0000,new canadian citizens,FAVOR,1,FAVOR,"The post welcomes new Canadian citizens as part of the MP's Canada Day tour, describing them positively and celebrating their arrival to 'the greatest and freest nation on earth.'",haiku-4-5,2026-09-14T23:58:19.671142+00:00,1,1,1.0
instagram,3377272161160263139_201333466,https://www.instagram.com/p/C7eeyMTxfXj/,Kevin Falcon,kevinfalconbc,politician,member of the provincial legislature,BC United,party:Other party,2024,2024-05-27T15:04:56.000000+0000,cost of living,AGAINST,1,AGAINST,"The post lists cost-of-living as one of the issues that has gotten worse under the NDP government, positioning it as a problem to be fixed by BC United.",haiku-4-5,2026-09-14T23:58:19.741609+00:00,4,2,2.0
instagram,3377272161160263139_201333466,https://www.instagram.com/p/C7eeyMTxfXj/,Kevin Falcon,kevinfalconbc,politician,member of the provincial legislature,BC United,party:Other party,2024,2024-05-27T15:04:56.000000+0000,housing,AGAINST,1,AGAINST,"The post identifies housing as one of the areas that has deteriorated under the NDP, framing it as a failure that BC United will address.",haiku-4-5,2026-09-14T23:58:19.741609+00:00,4,2,2.0
instagram,3352963596501235264_5310350141,https://www.instagram.com/p/C6IHqBSRbZA/,Sheila Malcolmson,sheilamalcolmsonbc,politician,incumbent candidate,BC NDP,party:NDP,2024,2024-04-24T02:07:09.000000+0000,food security,FAVOR,1,FAVOR,The post discusses food security as a key challenge and celebrates funding and partnerships that address it through grocery assistance and support for women facing food insecurity.,haiku-4-5,2026-09-14T23:58:19.785228+00:00,5,2,2.5
instagram,3352963596501235264_5310350141,https://www.instagram.com/p/C6IHqBSRbZA/,Sheila Malcolmson,sheilamalcolmsonbc,politician,incumbent candidate,BC NDP,party:NDP,2024,2024-04-24T02:07:09.000000+0000,free menstrual supplies,FAVOR,1,FAVOR,"The post highlights the distribution of free menstrual supplies as a positive initiative funded through the account's support, presented as part of addressing women's basic needs.",haiku-4-5,2026-09-14T23:58:19.785228+00:00,5,2,2.5
instagram,3342800669483858393_7940321084,https://www.instagram.com/p/C5kA397hfnZ/,Coralee Oakes,coralee.oakes,politician,incumbent candidate,Independent,party:Independent,2024,2024-04-10T01:35:14.000000+0000,indigenous housing,NEUTRAL,0,NEUTRAL,"The post discusses Indigenous trades camps and career training in trades, not Indigenous housing. This target is not what the post is about.",haiku-4-5,2026-09-14T23:58:19.792068+00:00,5,2,2.5
instagram,3342800669483858393_7940321084,https://www.instagram.com/p/C5kA397hfnZ/,Coralee Oakes,coralee.oakes,politician,incumbent candidate,Independent,party:Independent,2024,2024-04-10T01:35:14.000000+0000,indigenous immigration policies,NEUTRAL,0,NEUTRAL,"The post makes no mention of immigration policies. It focuses on trades training and career development for girls and Indigenous communities, not immigration.",haiku-4-5,2026-09-14T23:58:19.792068+00:00,5,2,2.5
instagram,3472226744738218522_48633817805,https://www.instagram.com/p/DAv09Pju4Ia/,Michelle Lindsay,canadian_source,politician,non-incumbent parliamentary candidate,PPC,party:PPC,2024,2024-10-05T15:21:45.000000+0000,presentism,AGAINST,1,AGAINST,"The post explicitly tells readers to 'Stop presentism,' using it as a criticism of what the author frames as unfair judgment of past actions by modern standards. The post argues against applying contemporary moral frameworks to historical events like residential schools.",haiku-4-5,2026-09-14T23:58:20.921124+00:00,1,1,1.0
instagram,3431175097911839227_2087603,https://www.instagram.com/p/C-d-5KJM4n7/,Ana Marie Cox,anamariecox,influencer,commentator,,type:influencer,2024,2024-08-10T00:00:10.000000+0000,maga,AGAINST,1,AGAINST,"The post describes 'the MAGA urge to bomb Mexico, South and Central America' as something discussed critically with an international relations expert, framing it as a problematic impulse to be examined.",haiku-4-5,2026-09-14T23:58:21.036261+00:00,2,2,1.0
instagram,3431175097911839227_2087603,https://www.instagram.com/p/C-d-5KJM4n7/,Ana Marie Cox,anamariecox,influencer,commentator,,type:influencer,2024,2024-08-10T00:00:10.000000+0000,trump,AGAINST,1,AGAINST,"The post references 'Trump tics' as a topic of discussion with an expert, using language that characterizes Trump's behavior patterns as quirks or habits worthy of critical examination.",haiku-4-5,2026-09-14T23:58:21.036261+00:00,2,2,1.0
instagram,3468501593261634360_1735363225,https://www.instagram.com/p/DAil9J5PHM4/,Valérie Plant,Val_Plante,politician,,,type:politician,2024,2024-09-30T12:00:32.000000+0000,national day for truth and reconciliation,FAVOR,1,FAVOR,"The post is explicitly about this day (Journée nationale de la vérité et de la réconciliation), marking it and calling for recognition of progress and work ahead. The account is promoting engagement with the day's purpose.",haiku-4-5,2026-09-14T23:58:21.317843+00:00,2,2,1.0
instagram,3468501593261634360_1735363225,https://www.instagram.com/p/DAil9J5PHM4/,Valérie Plant,Val_Plante,politician,,,type:politician,2024,2024-09-30T12:00:32.000000+0000,reconciliation,FAVOR,1,FAVOR,"The post advocates for reconciliation work, calling to 'write together a new page of history' and recognize progress made and work remaining. This frames reconciliation as a positive goal to pursue.",haiku-4-5,2026-09-14T23:58:21.317843+00:00,2,2,1.0
instagram,3591301505091366750_44109327912,https://www.instagram.com/p/DHW3bD8S-9e/,Paul Lane,paullane929,politician,member of the provincial legislature,Independent,party:Independent,2025,2025-03-18T22:22:03.000000+0000,chapman trophy,FAVOR,1,FAVOR,"The post congratulates the skating club on winning the Chapman Trophy, explicitly celebrating this achievement.",haiku-4-5,2026-09-14T23:58:21.365247+00:00,2,2,1.0
instagram,3591301505091366750_44109327912,https://www.instagram.com/p/DHW3bD8S-9e/,Paul Lane,paullane929,politician,member of the provincial legislature,Independent,party:Independent,2025,2025-03-18T22:22:03.000000+0000,mount pearl paradise skating club,FAVOR,1,FAVOR,"The post offers a 'BIG Congratulations' to the club and praises their achievement with 'Way to go guys!', expressing clear support.",haiku-4-5,2026-09-14T23:58:21.365247+00:00,2,2,1.0
instagram,3599898263182475747_70044175085,https://www.instagram.com/p/DH1aGW0iYHj/,Noémie Rouillard,nrouillardmsbla,politician,non-incumbent parliamentary candidate,Bloc Québécois,party:Bloc Québécois,2025,2025-03-30T19:02:16.000000+0000,5 to 7 @ccivrr,FAVOR,1,FAVOR,"The post mentions attending this event and describes it as an 'agréable moment' (pleasant moment), indicating a positive stance toward the event.",haiku-4-5,2026-09-14T23:58:21.641157+00:00,5,2,2.5
instagram,3599898263182475747_70044175085,https://www.instagram.com/p/DH1aGW0iYHj/,Noémie Rouillard,nrouillardmsbla,politician,non-incumbent parliamentary candidate,Bloc Québécois,party:Bloc Québécois,2025,2025-03-30T19:02:16.000000+0000,mla policy proposals,NEUTRAL,0,NEUTRAL,The post does not discuss any policy proposals. It only reports on attending social and organizational events; 'mla' appears to be a misidentification of the maison des jeunes organization mentioned.,haiku-4-5,2026-09-14T23:58:21.641157+00:00,5,2,2.5
instagram,3479775667731988371_1565819093,https://www.instagram.com/p/DBKpYh9Nn-T/,Jeremy Valeriote,jervaleriote,politician,non-incumbent candidate,Green Party Political Association of British Columbia,party:Green,2024,2024-10-16T01:20:07.000000+0000,jeremy valeriote,FAVOR,1,FAVOR,"The post is Jeremy Valeriote's own campaign message, where he pledges to work hard to serve the communities and make the region an easier place to live. He is promoting his own candidacy and asking for votes.",haiku-4-5,2026-09-14T23:58:21.647017+00:00,2,2,1.0
instagram,3479775667731988371_1565819093,https://www.instagram.com/p/DBKpYh9Nn-T/,Jeremy Valeriote,jervaleriote,politician,non-incumbent candidate,Green Party Political Association of British Columbia,party:Green,2024,2024-10-16T01:20:07.000000+0000,robin,FAVOR,1,FAVOR,The post thanks Robin (Robin Spano) for her endorsement and quotes her positive words about Jeremy's candidacy. The post presents Robin's endorsement approvingly.,haiku-4-5,2026-09-14T23:58:21.647017+00:00,2,2,1.0
instagram,3475505857419737088_3131087058,https://www.instagram.com/p/DA7einOSvgA/,Smita Prakash,smita_ani,foreign,editor,,type:foreign,2024,2024-10-10T03:56:45.000000+0000,dog-related products,NEUTRAL,0,NEUTRAL,This phrase does not appear in the post and is not what the post is about. It appears to be an extraction error with no connection to the content about Lal Chowk and Kashmir.,haiku-4-5,2026-09-14T23:58:21.652582+00:00,8,2,4.0
instagram,3475505857419737088_3131087058,https://www.instagram.com/p/DA7einOSvgA/,Smita Prakash,smita_ani,foreign,editor,,type:foreign,2024,2024-10-10T03:56:45.000000+0000,lalchowk,FAVOR,1,FAVOR,"The post is centered on Lal Chowk in Srinagar, describing its transformation from a site of violence and unrest to a place where citizens enjoy freedom and happiness. The author expresses pride in this change, taking a positive stance on the location and what it now represents.",haiku-4-5,2026-09-14T23:58:21.652582+00:00,8,2,4.0
instagram,3600722693098259471_2076215211,https://www.instagram.com/p/DH4VjZAz0QP/,Paul Manly,paulmanly,politician,non-incumbent parliamentary candidate,Green,party:Green,2025,2025-03-31T22:20:15.000000+0000,trans,FAVOR,1,FAVOR,"The post celebrates the trans community, commits to fighting bigotry and transphobia, protecting trans kids, and advocating for trans rights. The stance is clearly supportive throughout.",haiku-4-5,2026-09-14T23:58:22.047501+00:00,1,1,1.0
instagram,3637673163027564523_1011510615,https://www.instagram.com/p/DJ7nHfzOsfr/,Kate Reid,katereidnwt,politician,member of the provincial legislature,,type:politician,2025,2025-05-21T21:54:15.000000+0000,those celebrating,FAVOR,0,NEUTRAL,"The phrase 'those who celebrate' is a generic reference to people observing the first day of session, not a specific subject the post takes a position on. It is a passing acknowledgment rather than something the post discusses or argues about.",haiku-4-5,2026-09-14T23:58:22.351137+00:00,1,1,1.0
instagram,3542066896619351114_47183052207,https://www.instagram.com/p/DEn8xNnqqxK/,Blaine Hyggen,mayorhyggen,politician,head of municipal government,,type:politician,2025,2025-01-10T00:01:45.000000+0000,state of the city address,FAVOR,1,FAVOR,"The post announces and promotes the State of the City address, inviting people to attend and highlighting it as an opportunity to learn about community progress and future plans.",haiku-4-5,2026-09-14T23:58:22.630547+00:00,2,2,1.0
instagram,3542066896619351114_47183052207,https://www.instagram.com/p/DEn8xNnqqxK/,Blaine Hyggen,mayorhyggen,politician,head of municipal government,,type:politician,2025,2025-01-10T00:01:45.000000+0000,state of the city event,FAVOR,1,FAVOR,"The post describes the annual State of the City event positively, emphasizing its value for learning about accomplishments and future opportunities, and encouraging attendance.",haiku-4-5,2026-09-14T23:58:22.630547+00:00,2,2,1.0
instagram,3651695855876541803_6687233503,https://www.instagram.com/p/DKtbgiNSY1r/,Amrinder Singh Raja Warring,rajabrar_inc,foreign,politician,,type:foreign,2025,2025-06-10T06:14:50.000000+0000,gurpanth singh maan ji,FAVOR,1,NEUTRAL,"The post is about attending the funeral of Gurpanth Singh Maan Ji and expresses condolences to the family. The account reports on the event and describes the deceased respectfully, but takes no argumentative stance on the person themselves.",haiku-4-5,2026-09-14T23:58:22.806199+00:00,1,1,1.0
instagram,3642626602815822553_71908927590,https://www.instagram.com/p/DKNNZiGOZrZ/,Bhajan Brar,bhajanbrarmla,politician,member of the provincial legislature,"New Democratic Party, Sask. Section",party:NDP,2025,2025-05-28T17:55:51.000000+0000,carbon emissions regulation,FAVOR,0,NEUTRAL,"The post does not discuss carbon emissions regulation. It reports on Innovation Week tours of research facilities in Saskatchewan, including mentions of clean energy and CO2 capture technology, but takes no position on emissions regulation itself.",haiku-4-5,2026-09-14T23:58:23.259176+00:00,8,2,4.0
instagram,3642626602815822553_71908927590,https://www.instagram.com/p/DKNNZiGOZrZ/,Bhajan Brar,bhajanbrarmla,politician,member of the provincial legislature,"New Democratic Party, Sask. Section",party:NDP,2025,2025-05-28T17:55:51.000000+0000,fossil fuel phase-out,FAVOR,0,NEUTRAL,"The post does not address fossil fuel phase-out. While it mentions petroleum technology research and CO2 capture projects, it is reporting on innovation tours without taking a position on phasing out fossil fuels.",haiku-4-5,2026-09-14T23:58:23.259176+00:00,8,2,4.0
instagram,3707882863895697678_67597979054,https://www.instagram.com/p/DN1C9HLQtkO/,Jacob Mantle,jacobmantlecpc,politician,member of parliament,Conservative,party:Conservative,2025,2025-08-26T18:56:39.000000+0000,meet,FAVOR,0,NEUTRAL,"The word 'Meet' appears to be a person's name mentioned in passing as part of a congratulatory message about a business opening. The post is about the Dairy Queen grand opening, not about this individual, and takes no position on them.",haiku-4-5,2026-09-14T23:58:23.300419+00:00,1,1,1.0
instagram,3693414472014184638_44881607947,https://www.instagram.com/p/DNBpOTMsUC-/,Michael Bayer,free.speech.media,politician,non-incumbent parliamentary candidate,PPC,party:PPC,2025,2025-08-06T19:42:51.000000+0000,anti-government sentiment,FAVOR,1,FAVOR,"The post accuses the government of pandemic-era misconduct, fraud, and suppression of truth, framing government accountability as necessary. This expresses and promotes anti-government sentiment.",haiku-4-5,2026-09-14T23:58:23.521819+00:00,5,2,2.5
instagram,3693414472014184638_44881607947,https://www.instagram.com/p/DNBpOTMsUC-/,Michael Bayer,free.speech.media,politician,non-incumbent parliamentary candidate,PPC,party:PPC,2025,2025-08-06T19:42:51.000000+0000,suppression of truth,AGAINST,1,AGAINST,"The post explicitly names 'suppression of truth' as misconduct to be unveiled and opposed, calling for transparency and accountability against it.",haiku-4-5,2026-09-14T23:58:23.521819+00:00,5,2,2.5
instagram,3667397033410296635_9371476022,https://www.instagram.com/p/DLlNivSvfs7/,Meghan Murphy,meghanemilymurphy,politician,non-incumbent parliamentary candidate,PPC,party:PPC,2025,2025-07-01T22:10:16.000000+0000,anti-trans policies,AGAINST,1,FAVOR,"The post endorses the position of refusing to give ground on 'any aspect of transgender ideology,' which is a stance in favor of anti-trans positions. The heart emoji and 'warms my cold black heart' express approval of this stance.",haiku-4-5,2026-09-14T23:58:24.206209+00:00,5,2,2.5
instagram,3667397033410296635_9371476022,https://www.instagram.com/p/DLlNivSvfs7/,Meghan Murphy,meghanemilymurphy,politician,non-incumbent parliamentary candidate,PPC,party:PPC,2025,2025-07-01T22:10:16.000000+0000,transgender rights,AGAINST,1,AGAINST,"The post celebrates refusing to give an inch to 'any aspect of transgender ideology' and endorses the gender-critical position, which opposes transgender rights advocacy.",haiku-4-5,2026-09-14T23:58:24.206209+00:00,5,2,2.5
instagram,3759492970362802502_19113110457,https://www.instagram.com/p/DQsZvAaDZFG/,Ryan Turnbull,turnbullwhitby,politician,member of parliament,Liberal,party:Liberal,2025,2025-11-05T23:49:33.000000+0000,holiday spirit,FAVOR,1,FAVOR,The post explicitly encourages getting into the holiday spirit and frames the campaign as part of spreading cheer and seasonal goodwill. The account is promoting and endorsing this sentiment.,haiku-4-5,2026-09-14T23:58:24.269861+00:00,2,2,1.0
instagram,3759492970362802502_19113110457,https://www.instagram.com/p/DQsZvAaDZFG/,Ryan Turnbull,turnbullwhitby,politician,member of parliament,Liberal,party:Liberal,2025,2025-11-05T23:49:33.000000+0000,local families,FAVOR,1,FAVOR,The post identifies local families as beneficiaries of the toy donation campaign and advocates for helping them. The account is supporting their wellbeing through this charitable initiative.,haiku-4-5,2026-09-14T23:58:24.269861+00:00,2,2,1.0
instagram,3764486320078144224_2205518481,https://www.instagram.com/p/DQ-JFzuE0Lg/,Patrick Bonin,pat.bonin,politician,member of parliament,Bloc Québécois,party:Bloc Québécois,2025,2025-11-12T21:09:21.000000+0000,ottawa,AGAINST,1,AGAINST,The post directly criticizes Ottawa for turning away from climate action while cities bear the costs. 'L'inaction fédérale' (federal inaction) is explicitly blamed.,haiku-4-5,2026-09-14T23:58:24.466714+00:00,2,2,1.0
instagram,3764486320078144224_2205518481,https://www.instagram.com/p/DQ-JFzuE0Lg/,Patrick Bonin,pat.bonin,politician,member of parliament,Bloc Québécois,party:Bloc Québécois,2025,2025-11-12T21:09:21.000000+0000,politiciens,AGAINST,1,AGAINST,"The post states 'Le climat n'attendra pas les politiciens,' framing politicians as obstacles to climate action and implying they are responsible for inaction.",haiku-4-5,2026-09-14T23:58:24.466714+00:00,2,2,1.0
instagram,3749381314463128090_69338647812,https://www.instagram.com/p/DQIenDAD9oa/,Cole Bennett,cole.notcole,influencer,commentator,,type:influencer,2025,2025-10-23T00:59:29.000000+0000,alberta,NEUTRAL,0,NEUTRAL,"The OCR text 'October 22 OKAY ALBERTA' appears to be a date stamp or caption fragment from an image, not substantive content the post takes a position on. Without author-written caption or context, this reads as interface text rather than a subject the post discusses.",haiku-4-5,2026-09-14T23:58:24.572057+00:00,2,2,1.0
instagram,3749381314463128090_69338647812,https://www.instagram.com/p/DQIenDAD9oa/,Cole Bennett,cole.notcole,influencer,commentator,,type:influencer,2025,2025-10-23T00:59:29.000000+0000,ok,NEUTRAL,0,NEUTRAL,This is OCR noise or a fragment ('OKAY' broken into 'OK') with no coherent meaning as a target. It does not represent something the post is about.,haiku-4-5,2026-09-14T23:58:24.572057+00:00,2,2,1.0
instagram,3781145216884570245_54284051012,https://www.instagram.com/p/DR5U4qYkniF/,Yannick Gagnon,ygagnoncaq,politician,member of the provincial legislature,Coalition avenir Québec,party:Other party,2025,2025-12-05T20:47:36.000000+0000,delta hotel,FAVOR,1,FAVOR,"The post announces a $40M investment at the Delta Hotel in Jonquière to house a gaming salon, presenting it as a positive development that will create jobs and tourism revenue.",haiku-4-5,2026-09-14T23:58:24.812449+00:00,2,2,1.0
instagram,3781145216884570245_54284051012,https://www.instagram.com/p/DR5U4qYkniF/,Yannick Gagnon,ygagnoncaq,politician,member of the provincial legislature,Coalition avenir Québec,party:Other party,2025,2025-12-05T20:47:36.000000+0000,salon de jeux,FAVOR,1,FAVOR,"The post promotes the gaming salon as a well-structured, evidence-based project that will provide a controlled, safe, and responsible gaming environment with proper oversight and trained staff.",haiku-4-5,2026-09-14T23:58:24.812449+00:00,2,2,1.0
instagram,3808459024946514214_1246761025,https://www.instagram.com/p/DTaXU4bkUkm/,Dahlia Kurtz,dahliakurtz,influencer,journalist,,type:influencer,2026,2026-01-12T13:15:29.000000+0000,hollywood,AGAINST,1,AGAINST,"The post criticizes 'Hollywood's crocodile tears' as part of the illusion being shattered, characterizing Hollywood's response as insincere.",haiku-4-5,2026-09-14T23:58:25.122521+00:00,2,2,1.0
instagram,3808459024946514214_1246761025,https://www.instagram.com/p/DTaXU4bkUkm/,Dahlia Kurtz,dahliakurtz,influencer,journalist,,type:influencer,2026,2026-01-12T13:15:29.000000+0000,iranian,FAVOR,1,FAVOR,"The post amplifies an Iranian person's testimony about living under Islamic Republic tyranny, presenting their perspective sympathetically as truth-telling against illusions.",haiku-4-5,2026-09-14T23:58:25.122521+00:00,2,2,1.0
instagram,3803518726188921818_56363530923,https://www.instagram.com/p/DTI0CErCXPa/,Mat Siscoe,matsiscoe,politician,head of municipal government,,type:politician,2026,2026-01-05T17:39:46.000000+0000,city of st. catharines,FAVOR,1,FAVOR,"The post celebrates the city's 150th birthday and the author expresses pride in being born and raised there, describing it as 'amazing' and looking great for its age.",haiku-4-5,2026-09-14T23:58:25.143674+00:00,2,2,1.0
instagram,3803518726188921818_56363530923,https://www.instagram.com/p/DTI0CErCXPa/,Mat Siscoe,matsiscoe,politician,head of municipal government,,type:politician,2026,2026-01-05T17:39:46.000000+0000,merritton,FAVOR,1,FAVOR,"The author identifies Merritton as the community they represent and describes its people as 'amazing,' expressing luck at being from there.",haiku-4-5,2026-09-14T23:58:25.143674+00:00,2,2,1.0
instagram,3817016659923811849_4058883726,https://www.instagram.com/p/DT4xG3Egb4J/,Sambit Patra,sambitswaraj,foreign,politician,,type:foreign,2026,2026-01-24T08:38:22.000000+0000,basant panchami,FAVOR,1,NEUTRAL,The post reports the account's participation in a Basant Panchami celebration at a school event. It announces attendance at the occasion without arguing for or against the festival itself.,haiku-4-5,2026-09-14T23:58:25.477570+00:00,1,1,1.0
instagram,3814989318138708313_51945305096,https://www.instagram.com/p/DTxkJJ5kUFZ/,Jean-Denis Garon,jeandenisgaronbq,politician,member of parliament,Bloc Québécois,party:Bloc Québécois,2026,2026-01-21T13:29:48.000000+0000,quebec,FAVOR,1,FAVOR,"The post celebrates Quebec on Flag Day, describing it as 'a proud, distinct people' with a strong past and future, and ends with 'Vive le Québec!' This is a clear endorsement and celebration of Quebec.",haiku-4-5,2026-09-14T23:58:25.491576+00:00,5,2,2.5
instagram,3814989318138708313_51945305096,https://www.instagram.com/p/DTxkJJ5kUFZ/,Jean-Denis Garon,jeandenisgaronbq,politician,member of parliament,Bloc Québécois,party:Bloc Québécois,2026,2026-01-21T13:29:48.000000+0000,quebec media policies,NEUTRAL,0,NEUTRAL,The post makes no mention of media policies or any specific policies. It is a patriotic celebration of Quebec and its flag with no discussion of media regulation or policy.,haiku-4-5,2026-09-14T23:58:25.491576+00:00,5,2,2.5
instagram,3826731589175472906_9543298770,https://www.instagram.com/p/DUbSBr_kfMK/,Simon-Pierre Savard-Tremblay,simonpierresavardtremblay,politician,member of parliament,Bloc Québécois,party:Bloc Québécois,2026,2026-02-06T18:19:35.000000+0000,alcool,FAVOR,1,NEUTRAL,"The post announces a contest giveaway of alcohol-free products from a distillery. It mentions alcohol only to specify that the prizes are non-alcoholic, without taking a position for or against alcohol itself.",haiku-4-5,2026-09-14T23:58:25.860150+00:00,1,1,1.0
instagram,3830411523479527748_19035062814,https://www.instagram.com/p/DUoWvx4j2FE/,Erika Ritchie,erikaritchiendp,politician,member of the provincial legislature,"New Democratic Party, Sask. Section",party:NDP,2026,2026-02-11T20:10:58.000000+0000,leadership effectiveness,FAVOR,1,FAVOR,"The post praises Carla Beck's leadership as 'visible' and describes it as building 'hope for a strong future,' explicitly endorsing this quality.",haiku-4-5,2026-09-14T23:58:26.291265+00:00,4,2,2.0
instagram,3830411523479527748_19035062814,https://www.instagram.com/p/DUoWvx4j2FE/,Erika Ritchie,erikaritchiendp,politician,member of the provincial legislature,"New Democratic Party, Sask. Section",party:NDP,2026,2026-02-11T20:10:58.000000+0000,prince albert,NEUTRAL,1,NEUTRAL,"Prince Albert is mentioned as the location where the campaign event took place, but the post takes no position on the city itself—it is the setting for the activity being reported.",haiku-4-5,2026-09-14T23:58:26.291265+00:00,4,2,2.0
instagram,3822495328109193386_44109327912,https://www.instagram.com/p/DUMOz-bieiq/,Paul Lane,paullane929,politician,member of the provincial legislature,Independent,party:Independent,2026,2026-01-31T22:02:54.000000+0000,elizabeth swan memorial competition,NEUTRAL,1,NEUTRAL,"The post names the competition as the event where the award was presented, but takes no position on the competition itself—it is the setting for celebrating the team's achievement.",haiku-4-5,2026-09-14T23:58:26.537186+00:00,2,2,1.0
instagram,3822495328109193386_44109327912,https://www.instagram.com/p/DUMOz-bieiq/,Paul Lane,paullane929,politician,member of the provincial legislature,Independent,party:Independent,2026,2026-01-31T22:02:54.000000+0000,open starlites,FAVOR,1,FAVOR,"The post congratulates the team and celebrates their achievement in winning the award, expressing clear support and praise for their performance.",haiku-4-5,2026-09-14T23:58:26.537186+00:00,2,2,1.0
instagram,3850195775887929291_33236734064,https://www.instagram.com/p/DVupKixgm_L/,Tom Rakocevic,tomrakocevic,politician,member of the provincial legislature,New Democratic Party of Ontario,party:NDP,2026,2026-03-11T03:18:49.000000+0000,nigera,NEUTRAL,0,NEUTRAL,"This appears to be a garbled OCR fragment or typo, not a coherent reference to Nigeria or a Nigerian entity that the post discusses. The post is about a Nigerian-Canadian community event, but 'nigera' is not a meaningful target.",haiku-4-5,2026-09-14T23:58:26.642246+00:00,1,1,1.0
instagram,3850561444622742245_60365682478,https://www.instagram.com/p/DVv8TuUjbLl/,Olivia Chow,mayoroliviachow,politician,head of municipal government,,type:politician,2026,2026-03-11T15:27:34.000000+0000,left turn,FAVOR,1,AGAINST,The post frames left-turning cars as an obstacle to transit efficiency: 'a single car turning left won't hold up an LRT full of a hundred people.' Transit signal priority deprioritizes left turns in favor of transit.,haiku-4-5,2026-09-14T23:58:26.965309+00:00,2,2,1.0
instagram,3850561444622742245_60365682478,https://www.instagram.com/p/DVv8TuUjbLl/,Olivia Chow,mayoroliviachow,politician,head of municipal government,,type:politician,2026,2026-03-11T15:27:34.000000+0000,transit,FAVOR,1,FAVOR,"The post announces improvements to transit service (signal priority, faster rides) and frames transit riders as deserving better service. The mayor presents these changes as achievements to be proud of.",haiku-4-5,2026-09-14T23:58:26.965309+00:00,2,2,1.0
instagram,3839903881208192070_30629957768,https://www.instagram.com/p/DVKFDw7DtxG/,Meghan Murphy,meghanemilymurphy,influencer,podcaster,PPC,party:PPC,2026,2026-02-24T22:32:14.000000+0000,drugs,NEUTRAL,0,NEUTRAL,The word 'drugs' appears only in OCR noise ('THE SAME DRUGS IMEGHAN MURPHY') and is not part of the post's actual content or argument about Latinx terminology.,haiku-4-5,2026-09-14T23:58:27.113327+00:00,2,2,1.0
instagram,3839903881208192070_30629957768,https://www.instagram.com/p/DVKFDw7DtxG/,Meghan Murphy,meghanemilymurphy,influencer,podcaster,PPC,party:PPC,2026,2026-02-24T22:32:14.000000+0000,woke's attempt to impose latinx culture,AGAINST,1,AGAINST,"The post criticizes the attempt to impose 'Latinx' on Latino culture, reporting that Latinos rejected this effort. The framing as something being 'imposed' and the statement that Latinos 'were not having' it signals opposition to this attempt.",haiku-4-5,2026-09-14T23:58:27.113327+00:00,2,2,1.0
instagram,3881671554799399327_1783600425,https://www.instagram.com/p/DXed7aOjnGf/,Jean Yip,jeanyip3,politician,member of parliament,Liberal,party:Liberal,2026,2026-04-23T13:35:30.000000+0000,climate emergency,FAVOR,1,FAVOR,"The post discusses the Youth Climate Corps as providing 'paid skills training to quickly respond to climate emergencies,' positioning climate action as something to support and invest in.",haiku-4-5,2026-09-14T23:58:27.453340+00:00,9,2,4.5
instagram,3881671554799399327_1783600425,https://www.instagram.com/p/DXed7aOjnGf/,Jean Yip,jeanyip3,politician,member of parliament,Liberal,party:Liberal,2026,2026-04-23T13:35:30.000000+0000,youth climate corps bc,FAVOR,1,FAVOR,"The post celebrates the BC Youth Climate Corps at a Parliamentary Reception and highlights the federal Youth Climate Corps funding as a positive initiative, endorsing youth-led climate action.",haiku-4-5,2026-09-14T23:58:27.453340+00:00,9,2,4.5
instagram,3895537996502573781_3453045676,https://www.instagram.com/p/DYPuysakqLV/,Cheryl Gallant,cherylgallantmp,politician,member of parliament,Conservative,party:Conservative,2026,2026-05-12T16:47:09.000000+0000,liberal media,AGAINST,0,NEUTRAL,"The caption 'Liberals Stuck on Repeat' does not discuss media or take a position on it. The phrase appears to be a general criticism of the Liberal party, not a specific reference to media outlets.",haiku-4-5,2026-09-14T23:58:27.539401+00:00,4,2,2.0
instagram,3895537996502573781_3453045676,https://www.instagram.com/p/DYPuysakqLV/,Cheryl Gallant,cherylgallantmp,politician,member of parliament,Conservative,party:Conservative,2026,2026-05-12T16:47:09.000000+0000,liberal party policies,AGAINST,1,AGAINST,"The caption criticizes the Liberal party as 'stuck on repeat,' implying their policies are repetitive or failing, which is a critical stance toward Liberal policies.",haiku-4-5,2026-09-14T23:58:27.539401+00:00,4,2,2.0
instagram,3906563406694602014_3163381076,https://www.instagram.com/p/DY25rh0klUe/,Pierre Poilievre,pierrepoilievremp,politician,member of parliament,Conservative,party:Conservative,2026,2026-05-27T21:51:10.000000+0000,canada's legislative bills,AGAINST,0,NEUTRAL,"This is too vague and generic. The post is specifically about Bill C-22, not about legislative bills in general. The target as phrased does not identify what the post is actually about.",haiku-4-5,2026-09-14T23:58:27.986542+00:00,7,2,3.5
instagram,3906563406694602014_3163381076,https://www.instagram.com/p/DY25rh0klUe/,Pierre Poilievre,pierrepoilievremp,politician,member of parliament,Conservative,party:Conservative,2026,2026-05-27T21:51:10.000000+0000,mark carney's liberal government,AGAINST,1,AGAINST,"The post directly criticizes the government for the surveillance powers in Bill C-22 and calls to 'stop the Liberal surveillance agenda,' making clear opposition to this government.",haiku-4-5,2026-09-14T23:58:27.986542+00:00,7,2,3.5
instagram,3911368380988411635_1132557230,https://www.instagram.com/p/DZH-NG2gk7z/,Rahul Gandhi,rahulgandhi,foreign,politician,,type:foreign,2026,2026-06-03T12:57:47.000000+0000,cm shri d.k. shivakumar ji,FAVOR,1,FAVOR,"The post offers warm congratulations to the Chief Minister and praises his role in carrying forward the aspirations of Karnataka's people, expressing clear support.",haiku-4-5,2026-09-14T23:58:28.293825+00:00,2,2,1.0
instagram,3911368380988411635_1132557230,https://www.instagram.com/p/DZH-NG2gk7z/,Rahul Gandhi,rahulgandhi,foreign,politician,,type:foreign,2026,2026-06-03T12:57:47.000000+0000,karnataka,FAVOR,1,FAVOR,"The post celebrates Karnataka's people placing their trust in Congress, praises the state's progress under the party's governance, and commits to continued service to the state.",haiku-4-5,2026-09-14T23:58:28.293825+00:00,2,2,1.0
instagram,3922290810165962704_8420501114,https://www.instagram.com/p/DZuxrXtuKfQ/,Sonia LeBel,sonia_lebel,politician,member of the provincial legislature,Coalition avenir Québec,party:Other party,2026,2026-06-18T14:45:29.000000+0000,grade 9 curriculum,NEUTRAL,0,NEUTRAL,"The post is a personal thank-you to a cabinet director and does not discuss or take a position on grade 9 curriculum. The #education hashtag is thematic but the post's content is about personnel, not curriculum.",haiku-4-5,2026-09-14T23:58:28.577217+00:00,6,2,3.0
instagram,3922290810165962704_8420501114,https://www.instagram.com/p/DZuxrXtuKfQ/,Sonia LeBel,sonia_lebel,politician,member of the provincial legislature,Coalition avenir Québec,party:Other party,2026,2026-06-18T14:45:29.000000+0000,student academic performance,FAVOR,0,NEUTRAL,"The post does not discuss or take a position on student academic performance. It is a personal appreciation post for a staff member's work, not an analysis or statement about student outcomes.",haiku-4-5,2026-09-14T23:58:28.577217+00:00,6,2,3.0
instagram,3929821485527270910_7446756848,https://www.instagram.com/p/DaJh9HrjQX-/,Megan Mitton,meganmittonnb,politician,member of the provincial legislature,Parti Vert N.B. Green Party,party:Green,2026,2026-06-29T00:01:16.000000+0000,legislation,NEUTRAL,0,NEUTRAL,"The post does not discuss legislation or take a position on it. The word 'Legislature' appears as the setting where the account spoke, not as a subject the post engages with.",haiku-4-5,2026-09-14T23:58:28.653071+00:00,5,2,2.5
instagram,3929821485527270910_7446756848,https://www.instagram.com/p/DaJh9HrjQX-/,Megan Mitton,meganmittonnb,politician,member of the provincial legislature,Parti Vert N.B. Green Party,party:Green,2026,2026-06-29T00:01:16.000000+0000,legislature,NEUTRAL,0,NEUTRAL,"The Legislature is mentioned only as the venue where the account gave a birthday tribute; it is the setting, not what the post is about. The post's subject is the birthday wish for the account's mother.",haiku-4-5,2026-09-14T23:58:28.653071+00:00,5,2,2.5
tiktok,7105109941412760838,https://www.tiktok.com/@thailariden/video/7105109941412760838,Thaila Riden,thailariden,politician,non-incumbent parliamentary candidate,Green,party:Green,2022,2022-06-03T20:15:24.000000+0000,voter rights,FAVOR,0,NEUTRAL,"The post thanks people for voting and discusses the election process, but does not discuss or take a position on voter rights as a concept or policy.",haiku-4-5,2026-09-14T23:58:28.909169+00:00,6,2,3.0
tiktok,7105109941412760838,https://www.tiktok.com/@thailariden/video/7105109941412760838,Thaila Riden,thailariden,politician,non-incumbent parliamentary candidate,Green,party:Green,2022,2022-06-03T20:15:24.000000+0000,voting rights,FAVOR,0,NEUTRAL,"The post thanks people for voting and discusses the election process, but does not discuss or take a position on voting rights as a concept or policy.",haiku-4-5,2026-09-14T23:58:28.909169+00:00,6,2,3.0
instagram,3930474637992828874_5414034895,https://www.instagram.com/p/DaL2dvUPp_K/,Anthony Housefather,anthony.housefather,politician,member of parliament,Liberal,party:Liberal,2026,2026-06-29T21:39:34.000000+0000,federal judge rulings,NEUTRAL,0,NEUTRAL,"The post reports on questioning a Supreme Court nominee but does not discuss or take a position on federal judge rulings themselves. The nominee is the subject, not judicial rulings.",haiku-4-5,2026-09-14T23:58:28.915942+00:00,5,2,2.5
instagram,3930474637992828874_5414034895,https://www.instagram.com/p/DaL2dvUPp_K/,Anthony Housefather,anthony.housefather,politician,member of parliament,Liberal,party:Liberal,2026,2026-06-29T21:39:34.000000+0000,house justice committee colleagues,FAVOR,1,NEUTRAL,"The post mentions these colleagues as participants in the questioning session. They are named as part of the event being reported, but the post takes no evaluative stance on them.",haiku-4-5,2026-09-14T23:58:28.915942+00:00,5,2,2.5
tiktok,7075892963426979077,https://www.tiktok.com/@amarjeetsohiyeg/video/7075892963426979077,Amarjeet Sohi,amarjeetsohiyeg,politician,head of municipal government,,type:politician,2022,2022-03-17T02:38:35.000000+0000,kitchen,FAVOR,1,FAVOR,"The post features and promotes 'The Kitchen' at Stanley A Milner Library, presenting it positively with enthusiasm and hashtags like #IronChef and #foodtiktok.",haiku-4-5,2026-09-14T23:58:28.942047+00:00,2,2,1.0
tiktok,7075892963426979077,https://www.tiktok.com/@amarjeetsohiyeg/video/7075892963426979077,Amarjeet Sohi,amarjeetsohiyeg,politician,head of municipal government,,type:politician,2022,2022-03-17T02:38:35.000000+0000,stanley milner library,FAVOR,1,FAVOR,"The post highlights the library as a venue worth visiting and showcasing, presenting it in a positive light as a place with interesting amenities.",haiku-4-5,2026-09-14T23:58:28.942047+00:00,2,2,1.0
tiktok,7077345175260908806,https://www.tiktok.com/@jennasudds/video/7077345175260908806,Jenna Sudds,jennasudds,politician,member of parliament,Liberal,party:Liberal,2022,2022-03-21T00:33:54.000000+0000,canada,FAVOR,1,NEUTRAL,"The post mentions Canada as the country Ottawa is the capital of, in a welcoming tourism-oriented caption. It is what the post is about but takes no position on Canada itself.",haiku-4-5,2026-09-14T23:58:29.624881+00:00,2,2,1.0
tiktok,7077345175260908806,https://www.tiktok.com/@jennasudds/video/7077345175260908806,Jenna Sudds,jennasudds,politician,member of parliament,Liberal,party:Liberal,2022,2022-03-21T00:33:54.000000+0000,ottawa,FAVOR,1,NEUTRAL,"The post is a welcome to Ottawa as a capital city and tourism destination. It presents Ottawa positively in tone but makes no argument about it—this is a factual announcement, not a stance.",haiku-4-5,2026-09-14T23:58:29.624881+00:00,2,2,1.0
tiktok,7112476136843562246,https://www.tiktok.com/@jaro_giesbrecht/video/7112476136843562246,Jaro Giesbrecht,jaro_giesbrecht,influencer,commentator,,type:influencer,2022,2022-06-23T16:40:00.000000+0000,russian government influence,AGAINST,1,AGAINST,"The post quotes Trudeau blaming Russia for the global food crisis and its role in global instability, directly criticizing Russian government actions and influence.",haiku-4-5,2026-09-14T23:58:29.661061+00:00,6,2,3.0
tiktok,7112476136843562246,https://www.tiktok.com/@jaro_giesbrecht/video/7112476136843562246,Jaro Giesbrecht,jaro_giesbrecht,influencer,commentator,,type:influencer,2022,2022-06-23T16:40:00.000000+0000,russian military actions,AGAINST,1,AGAINST,"The post explicitly condemns Russian military actions including the illegal invasion of Ukraine, bombing of grain silos, and blockade of Odessa port.",haiku-4-5,2026-09-14T23:58:29.661061+00:00,6,2,3.0
tiktok,7150721927227723014,https://www.tiktok.com/@roselessard4/video/7150721927227723014,Rose Lessard,roselessard4,politician,non-incumbent parliamentary candidate,Bloc Québécois,party:Bloc Québécois,2022,2022-10-04T18:13:14.000000+0000,2022 provincial elections,NEUTRAL,1,FAVOR,"The caption explicitly calls on young Bloc supporters to prepare for provincial election day 2022, framing it as an event to get ready for. The post promotes participation in the election.",haiku-4-5,2026-09-14T23:58:30.546346+00:00,8,2,4.0
tiktok,7150721927227723014,https://www.tiktok.com/@roselessard4/video/7150721927227723014,Rose Lessard,roselessard4,politician,non-incumbent parliamentary candidate,Bloc Québécois,party:Bloc Québécois,2022,2022-10-04T18:13:14.000000+0000,voting rights,NEUTRAL,0,NEUTRAL,The post does not discuss voting rights as a concept or policy. It mentions preparing for an election but takes no position on the right to vote itself.,haiku-4-5,2026-09-14T23:58:30.546346+00:00,8,2,4.0
tiktok,7160474510590840070,https://www.tiktok.com/@gghamari/video/7160474510590840070,Goldie Ghamari,gghamari,politician,member of the provincial legislature,Independent,party:Independent,2022,2022-10-31T00:58:17.000000+0000,us foreign policy,NEUTRAL,0,NEUTRAL,"The post is about Iran's Islamic regime and the 2022 Iranian protests, not about US foreign policy. The brief dialogue 'We are going to America' is a quote from the movie soundtrack, not a discussion of US policy.",haiku-4-5,2026-09-14T23:58:30.717865+00:00,4,2,2.0
tiktok,7160474510590840070,https://www.tiktok.com/@gghamari/video/7160474510590840070,Goldie Ghamari,gghamari,politician,member of the provincial legislature,Independent,party:Independent,2022,2022-10-31T00:58:17.000000+0000,us international relations,NEUTRAL,0,NEUTRAL,The post focuses on Iran's regime and the Mahsa Amini protests. US international relations are not discussed or addressed in the post.,haiku-4-5,2026-09-14T23:58:30.717865+00:00,4,2,2.0
tiktok,7118383836299267334,https://www.tiktok.com/@roman_baber/video/7118383836299267334,Roman Baber,roman_baber,politician,non-incumbent parliamentary candidate,Conservative,party:Conservative,2022,2022-07-09T14:44:55.000000+0000,equalization,AGAINST,1,AGAINST,"The post is entirely about ending equalization. Baber argues that equalization should be eliminated, proposing a review of whether provinces can provide comparable services and advocating for unleashing natural resources instead.",haiku-4-5,2026-09-14T23:58:30.757752+00:00,9,2,4.5
tiktok,7118383836299267334,https://www.tiktok.com/@roman_baber/video/7118383836299267334,Roman Baber,roman_baber,politician,non-incumbent parliamentary candidate,Conservative,party:Conservative,2022,2022-07-09T14:44:55.000000+0000,human rights protections,NEUTRAL,0,NEUTRAL,"Human rights protections are not discussed or addressed in the post. The post focuses on equalization policy and constitutional interpretation of Section 36, with no engagement with human rights as a topic.",haiku-4-5,2026-09-14T23:58:30.757752+00:00,9,2,4.5
tiktok,7154457328178236677,https://www.tiktok.com/@sonia_lebel/video/7154457328178236677,Sonia LeBel,sonia_lebel,politician,member of the provincial legislature,Coalition avenir Québec,party:Other party,2022,2022-10-14T19:48:30.000000+0000,autumn,FAVOR,0,NEUTRAL,The post is a poetic caption about autumn with hashtags. The target is part of the hashtag wall (#automne #autumn) but the post takes no position on autumn itself—it is merely a seasonal aesthetic observation with no political or substantive content.,haiku-4-5,2026-09-14T23:58:31.109201+00:00,2,2,1.0
tiktok,7154457328178236677,https://www.tiktok.com/@sonia_lebel/video/7154457328178236677,Sonia LeBel,sonia_lebel,politician,member of the provincial legislature,Coalition avenir Québec,party:Other party,2022,2022-10-14T19:48:30.000000+0000,champlain,NEUTRAL,0,NEUTRAL,Champlain appears as a hashtag (#champlain) in what is a list of promotional and location tags. The post does not discuss or take a position on Champlain; it is a passing geographic reference in a hashtag wall.,haiku-4-5,2026-09-14T23:58:31.109201+00:00,2,2,1.0
tiktok,7157836292028452102,https://www.tiktok.com/@gghamari/video/7157836292028452102,Goldie Ghamari,gghamari,politician,member of the provincial legislature,Independent,party:Independent,2022,2022-10-23T22:20:38.000000+0000,iran,AGAINST,1,AGAINST,"The post directly addresses Iran's government and its treatment of women, criticizing the 'brutal and terrorist illegitimate Islamic regime' and its laws that jail women for clothing choices. The post takes a clear stance against Iran's government and its policies.",haiku-4-5,2026-09-14T23:58:31.116898+00:00,2,2,1.0
tiktok,7157836292028452102,https://www.tiktok.com/@gghamari/video/7157836292028452102,Goldie Ghamari,gghamari,politician,member of the provincial legislature,Independent,party:Independent,2022,2022-10-23T22:20:38.000000+0000,islamophobia,AGAINST,1,AGAINST,"The post accuses Afra Al-Jabouri of lacking empathy and supporting Iran's regime, implying she is complicit in oppression. The post frames Al-Jabouri's position as enabling harm to Iranian women, positioning Islamophobia as a false accusation used to silence criticism of the regime.",haiku-4-5,2026-09-14T23:58:31.116898+00:00,2,2,1.0
tiktok,7174141099253058821,https://www.tiktok.com/@jeandenisgaron/video/7174141099253058821,Jean-Denis Garon,jeandenisgaron,politician,incumbent parliamentary candidate,Bloc Québécois,party:Bloc Québécois,2022,2022-12-06T20:51:38.000000+0000,government,NEUTRAL,1,NEUTRAL,"The post mentions government in the context of parliamentary accountability, but the actual criticism is directed at the minister's attack on parliamentary institutions, not at government itself.",haiku-4-5,2026-09-14T23:58:31.228571+00:00,2,2,1.0
tiktok,7174141099253058821,https://www.tiktok.com/@jeandenisgaron/video/7174141099253058821,Jean-Denis Garon,jeandenisgaron,politician,incumbent parliamentary candidate,Bloc Québécois,party:Bloc Québécois,2022,2022-12-06T20:51:38.000000+0000,ministry,NEUTRAL,1,AGAINST,The post criticizes the minister of national revenue for attacking a fundamental parliamentary institution and calls for her to retract her words and apologize.,haiku-4-5,2026-09-14T23:58:31.228571+00:00,2,2,1.0
tiktok,7170028696345103621,https://www.tiktok.com/@stevekooner/video/7170028696345103621,Steve Kooner,stevekooner,politician,non-incumbent candidate,Conservative Party of British Columbia,party:Conservative,2022,2022-11-25T18:53:21.000000+0000,friendsgettogether,FAVOR,0,NEUTRAL,"This is a hashtag fragment or OCR artifact that does not represent a coherent subject the post takes a position on. The post mentions a friends get-together as an event, but 'friendsgettogether' as extracted is not a meaningful target.",haiku-4-5,2026-09-14T23:58:31.266999+00:00,2,2,1.0
tiktok,7170028696345103621,https://www.tiktok.com/@stevekooner/video/7170028696345103621,Steve Kooner,stevekooner,politician,non-incumbent candidate,Conservative Party of British Columbia,party:Conservative,2022,2022-11-25T18:53:21.000000+0000,silvester law,FAVOR,0,NEUTRAL,Silvester Law is credited as the photographer in the caption ('📸: Silvester Law') and is not a subject the post discusses or takes a stance on; it is a photo credit.,haiku-4-5,2026-09-14T23:58:31.266999+00:00,2,2,1.0
tiktok,7174482772382190890,https://www.tiktok.com/@officialrubinreport/video/7174482772382190890,Dave Rubin,officialrubinreport,foreign,influencer,,type:foreign,2022,2022-12-07T18:57:33.000000+0000,supporting trump,AGAINST,0,NEUTRAL,"The post does not discuss or take a position on supporting Trump itself. The post is about how to coexist with Trump supporters as a group, not about the merits of supporting Trump.",haiku-4-5,2026-09-14T23:58:32.141211+00:00,3,2,1.5
tiktok,7174482772382190890,https://www.tiktok.com/@officialrubinreport/video/7174482772382190890,Dave Rubin,officialrubinreport,foreign,influencer,,type:foreign,2022,2022-12-07T18:57:33.000000+0000,trump supporter,AGAINST,1,FAVOR,"The post defends Trump supporters against being labeled 'deplorable' and argues they cannot be wished away and must be accommodated in society, taking their side against those who would exclude them.",haiku-4-5,2026-09-14T23:58:32.141211+00:00,3,2,1.5
tiktok,7198606956213341445,https://www.tiktok.com/@amarjeetsohiyeg/video/7198606956213341445,Amarjeet Sohi,amarjeetsohiyeg,politician,head of municipal government,,type:politician,2023,2023-02-10T19:11:36.000000+0000,rochelle,FAVOR,0,NEUTRAL,"Rochelle is named briefly as someone who invited the account to an event, but the post is about supporting Black-owned restaurants and the dining week initiative, not about Rochelle herself.",haiku-4-5,2026-09-14T23:58:32.211197+00:00,2,2,1.0
tiktok,7198606956213341445,https://www.tiktok.com/@amarjeetsohiyeg/video/7198606956213341445,Amarjeet Sohi,amarjeetsohiyeg,politician,head of municipal government,,type:politician,2023,2023-02-10T19:11:36.000000+0000,sara,FAVOR,0,NEUTRAL,"Sara is named briefly as someone who invited the account to an event, but the post is about supporting Black-owned restaurants and the dining week initiative, not about Sara herself.",haiku-4-5,2026-09-14T23:58:32.211197+00:00,2,2,1.0
tiktok,7177405292152491270,https://www.tiktok.com/@senatorclement/video/7177405292152491270,Bernadette Clement,senatorclement,politician,other politician,,type:politician,2022,2022-12-15T15:58:18.000000+0000,c-amendments,NEUTRAL,1,FAVOR,"The post celebrates that 'all your C-11 amendments have passed,' presenting them as a positive achievement the account is proud of.",haiku-4-5,2026-09-14T23:58:32.375568+00:00,1,1,1.0
tiktok,7216490150338104581,https://www.tiktok.com/@honveer_singh_randhawa/video/7216490150338104581,Honveer Singh Randhawa,honveer_singh_randhawa,politician,non-incumbent candidate,Conservative Party of British Columbia,party:Conservative,2023,2023-03-30T23:50:20.000000+0000,legal system reforms,NEUTRAL,0,NEUTRAL,The post is a business advertisement for legal services at a law center. It does not discuss or take a position on legal system reforms.,haiku-4-5,2026-09-14T23:58:32.759442+00:00,4,2,2.0
tiktok,7216490150338104581,https://www.tiktok.com/@honveer_singh_randhawa/video/7216490150338104581,Honveer Singh Randhawa,honveer_singh_randhawa,politician,non-incumbent candidate,Conservative Party of British Columbia,party:Conservative,2023,2023-03-30T23:50:20.000000+0000,power of attorney,FAVOR,1,FAVOR,"The post promotes power of attorney services as something the law center offers and encourages people to draft them, presenting the service positively.",haiku-4-5,2026-09-14T23:58:32.759442+00:00,4,2,2.0
tiktok,7176488726548335878,https://www.tiktok.com/@janis.irwin/video/7176488726548335878,Janis Irwin,janis.irwin,politician,member of the provincial legislature,Alberta New Democratic Party,party:NDP,2022,2022-12-13T04:41:44.000000+0000,kiera harris,FAVOR,1,FAVOR,"The post opens by quoting Kiera Harris's powerful words about searching the landfill and calls to 'listen to her words' and 'act,' positioning her as a voice to be heard and supported in the context of her mother's murder.",haiku-4-5,2026-09-14T23:58:32.797808+00:00,3,2,1.5
tiktok,7176488726548335878,https://www.tiktok.com/@janis.irwin/video/7176488726548335878,Janis Irwin,janis.irwin,politician,member of the provincial legislature,Alberta New Democratic Party,party:NDP,2022,2022-12-13T04:41:44.000000+0000,landfiller,NEUTRAL,0,NEUTRAL,"This appears to be a transcription error or garbled term. The post discusses searching 'the landfill' in relation to the missing women case, but 'landfiller' is not a coherent subject the post takes a position on.",haiku-4-5,2026-09-14T23:58:32.797808+00:00,3,2,1.5
tiktok,7202712830213180678,https://www.tiktok.com/@francoislegault/video/7202712830213180678,François Legault,francoislegault,politician,member of the provincial legislature,Coalition avenir Québec,party:Other party,2023,2023-02-21T20:44:29.000000+0000,fyp,NEUTRAL,0,NEUTRAL,"FYP is a TikTok hashtag fragment (#FYP) used for algorithmic reach, not a subject the post discusses or takes a position on.",haiku-4-5,2026-09-14T23:58:33.176071+00:00,6,2,3.0
tiktok,7202712830213180678,https://www.tiktok.com/@francoislegault/video/7202712830213180678,François Legault,francoislegault,politician,member of the provincial legislature,Coalition avenir Québec,party:Other party,2023,2023-02-21T20:44:29.000000+0000,quebec,FAVOR,1,FAVOR,The post's central argument is that Quebec's problems are Canada's problems and that Quebec and Canada are generous but have limits to their capacity. Legault frames Quebec sympathetically as facing real challenges that deserve national attention.,haiku-4-5,2026-09-14T23:58:33.176071+00:00,6,2,3.0
tiktok,7207635223788473605,https://www.tiktok.com/@gghamari/video/7207635223788473605,Goldie Ghamari,gghamari,politician,member of the provincial legislature,Independent,party:Independent,2023,2023-03-07T03:06:00.000000+0000,iran,AGAINST,1,AGAINST,"The post is entirely about Iran's Islamic Regime, criticizing it for spreading misinformation, brutal repression, and propaganda. The account explicitly calls it 'terrorist,' 'brutal,' and 'illegitimate,' and advocates for freedom and democracy against it.",haiku-4-5,2026-09-14T23:58:33.315987+00:00,6,2,3.0
tiktok,7207635223788473605,https://www.tiktok.com/@gghamari/video/7207635223788473605,Goldie Ghamari,gghamari,politician,member of the provincial legislature,Independent,party:Independent,2023,2023-03-07T03:06:00.000000+0000,terrorism,AGAINST,1,AGAINST,"The post repeatedly describes Iran's Islamic Regime as 'terrorist' and 'the terrorist Islamic Regime,' using terrorism as a characterization of the regime being opposed. The stance is against terrorism as embodied by the regime.",haiku-4-5,2026-09-14T23:58:33.315987+00:00,6,2,3.0
tiktok,7244175318905326894,https://www.tiktok.com/@officialrubinreport/video/7244175318905326894,Dave Rubin,officialrubinreport,foreign,influencer,,type:foreign,2023,2023-06-13T14:20:11.000000+0000,british flag,AGAINST,1,FAVOR,"The post criticizes the British flag being replaced and dropped, expressing concern about which flag will be taken down next. The sarcastic closing 'At least you know that' signals the post's disapproval of the flag replacement, favoring the British flag over the pride flag.",haiku-4-5,2026-09-14T23:58:33.442629+00:00,2,2,1.0
tiktok,7244175318905326894,https://www.tiktok.com/@officialrubinreport/video/7244175318905326894,Dave Rubin,officialrubinreport,foreign,influencer,,type:foreign,2023,2023-06-13T14:20:11.000000+0000,the pride flag,AGAINST,1,AGAINST,"The post presents the pride flag as replacing the British flag in a negative light, calling the situation 'crazy' and criticizing the flag swap. The sarcastic tone and concern about flag day suggest opposition to the pride flag being raised in place of the British flag.",haiku-4-5,2026-09-14T23:58:33.442629+00:00,2,2,1.0
tiktok,7253994297165434117,https://www.tiktok.com/@stevekooner/video/7253994297165434117,Steve Kooner,stevekooner,politician,non-incumbent candidate,Conservative Party of British Columbia,party:Conservative,2023,2023-07-10T01:22:44.000000+0000,surrey firefighters union president,FAVOR,1,FAVOR,The post features Saverio Lattanzio in this role and praises his charitable work and community contributions. The candidate thanks him explicitly and frames the interaction positively.,haiku-4-5,2026-09-14T23:58:33.822783+00:00,1,1,1.0
tiktok,7247306255901936902,https://www.tiktok.com/@soniafurstenau/video/7247306255901936902,Sonia Furstenau,soniafurstenau,politician,incumbent candidate,Green Party Political Association of British Columbia,party:Green,2023,2023-06-22T00:49:44.000000+0000,wildfire,AGAINST,1,AGAINST,"The post discusses wildfires as a health hazard and calls for protective measures (air filtration systems) in response to them, treating wildfires as a problem to be mitigated.",haiku-4-5,2026-09-14T23:58:33.831384+00:00,5,2,2.5
tiktok,7247306255901936902,https://www.tiktok.com/@soniafurstenau/video/7247306255901936902,Sonia Furstenau,soniafurstenau,politician,incumbent candidate,Green Party Political Association of British Columbia,party:Green,2023,2023-06-22T00:49:44.000000+0000,wildfire suppression policies,AGAINST,0,NEUTRAL,"The post addresses the health impacts of wildfire smoke and proposes air filtration as a response, but does not discuss or take a position on wildfire suppression policies themselves.",haiku-4-5,2026-09-14T23:58:33.831384+00:00,5,2,2.5
tiktok,7245298654318234922,https://www.tiktok.com/@majorityreportfm/video/7245298654318234922,Sam Seder,majorityreportfm,influencer,podcaster,,type:influencer,2023,2023-06-16T14:59:19.000000+0000,information,NEUTRAL,0,NEUTRAL,The word 'information' appears in the episode title but is not itself a subject the post takes a position on. It is part of a generic phrase describing the episode's theme rather than a distinct target being discussed.,haiku-4-5,2026-09-14T23:58:34.130910+00:00,2,2,1.0
tiktok,7245298654318234922,https://www.tiktok.com/@majorityreportfm/video/7245298654318234922,Sam Seder,majorityreportfm,influencer,podcaster,,type:influencer,2023,2023-06-16T14:59:19.000000+0000,kerryhowley,NEUTRAL,1,NEUTRAL,"Kerry Howley is the guest featured in this episode, and the post announces their appearance. The post reports the episode without taking a stance on Howley themselves.",haiku-4-5,2026-09-14T23:58:34.130910+00:00,2,2,1.0
tiktok,7261388325502651691,https://www.tiktok.com/@livinfree20.1/video/7261388325502651691,livinfree20.1,livinfree20.1,influencer,commentator,,type:influencer,2023,2023-07-29T23:35:30.000000+0000,duet,NEUTRAL,0,NEUTRAL,"This is a TikTok feature hashtag with no bearing on the post's content or argument. It is a technical tag describing the video format, not a subject the post takes a position on.",haiku-4-5,2026-09-14T23:58:34.586912+00:00,3,2,1.5
tiktok,7261388325502651691,https://www.tiktok.com/@livinfree20.1/video/7261388325502651691,livinfree20.1,livinfree20.1,influencer,commentator,,type:influencer,2023,2023-07-29T23:35:30.000000+0000,green screen,NEUTRAL,0,NEUTRAL,"This is a technical hashtag describing a video production method, not a subject the post discusses or takes a stance on.",haiku-4-5,2026-09-14T23:58:34.586912+00:00,3,2,1.5
tiktok,7269803986658577670,https://www.tiktok.com/@jeandenisgaron/video/7269803986658577670,Jean-Denis Garon,jeandenisgaron,politician,incumbent parliamentary candidate,Bloc Québécois,party:Bloc Québécois,2023,2023-08-21T15:52:25.000000+0000,election access,AGAINST,0,NEUTRAL,"The post does not discuss election access. The speaker criticizes the government's handling of parliamentary procedure and rule changes, not policies related to how people access voting.",haiku-4-5,2026-09-14T23:58:35.154729+00:00,4,2,2.0
tiktok,7269803986658577670,https://www.tiktok.com/@jeandenisgaron/video/7269803986658577670,Jean-Denis Garon,jeandenisgaron,politician,incumbent parliamentary candidate,Bloc Québécois,party:Bloc Québécois,2023,2023-08-21T15:52:25.000000+0000,voter rights,AGAINST,0,NEUTRAL,"The post does not address voter rights. The criticism focuses on parliamentary traditions, government contempt for Parliament, and procedural rule changes, not on the rights of voters.",haiku-4-5,2026-09-14T23:58:35.154729+00:00,4,2,2.0
tiktok,7261402573603687686,https://www.tiktok.com/@matthewgreenndp/video/7261402573603687686,Matthew Green,matthewgreenndp,politician,member of parliament,NDP,party:NDP,2023,2023-07-30T00:30:39.000000+0000,fair wages,FAVOR,1,FAVOR,"The post's central argument is that National Steel Car is wrongfully withholding vacation pay that workers have earned. Green explicitly supports workers receiving the wages they are owed, calling the withholding 'shameful' and emphasizing this is a labor law requirement.",haiku-4-5,2026-09-14T23:58:35.199255+00:00,6,2,3.0
tiktok,7261402573603687686,https://www.tiktok.com/@matthewgreenndp/video/7261402573603687686,Matthew Green,matthewgreenndp,politician,member of parliament,NDP,party:NDP,2023,2023-07-30T00:30:39.000000+0000,workers' right to work,FAVOR,0,NEUTRAL,"The post does not discuss workers' right to work. It addresses the right to fair compensation and union solidarity during a strike, but not the right to work itself, which is a distinct concept often associated with anti-union positions.",haiku-4-5,2026-09-14T23:58:35.199255+00:00,6,2,3.0
tiktok,7278297231625669894,https://www.tiktok.com/@naomihunter04/video/7278297231625669894,Naomi Hunter,naomihunter04,politician,non-incumbent parliamentary candidate,Green,party:Green,2023,2023-09-13T13:10:33.000000+0000,quebec media policies,NEUTRAL,0,NEUTRAL,The post is a hashtag collection about a rescue cat and kitten content; Quebec media policies are not discussed or addressed in any way.,haiku-4-5,2026-09-14T23:58:35.207053+00:00,5,2,2.5
tiktok,7278297231625669894,https://www.tiktok.com/@naomihunter04/video/7278297231625669894,Naomi Hunter,naomihunter04,politician,non-incumbent parliamentary candidate,Green,party:Green,2023,2023-09-13T13:10:33.000000+0000,saskatchewan,NEUTRAL,0,NEUTRAL,Saskatchewan appears only as a hashtag (#saskatchewan) in what is clearly a pet-focused post about a rescue cat. The hashtag is promotional metadata with no bearing on the post's content.,haiku-4-5,2026-09-14T23:58:35.207053+00:00,5,2,2.5
tiktok,7365291065240341766,https://www.tiktok.com/@marierenaudstab/video/7365291065240341766,Marie Renaud,marierenaudstab,politician,member of the provincial legislature,Alberta New Democratic Party,party:NDP,2024,2024-05-04T23:31:05.000000+0000,healing garden,FAVOR,1,FAVOR,The post names the Healing Garden as the location of a memorial display and invites people to visit it to pay respect and learn about missing and murdered Indigenous people. The post promotes engagement with the space.,haiku-4-5,2026-09-14T23:58:35.732759+00:00,2,2,1.0
tiktok,7365291065240341766,https://www.tiktok.com/@marierenaudstab/video/7365291065240341766,Marie Renaud,marierenaudstab,politician,member of the provincial legislature,Alberta New Democratic Party,party:NDP,2024,2024-05-04T23:31:05.000000+0000,reconciliation,FAVOR,1,FAVOR,"The post explicitly calls for people to 'find a way to help further reconciliation work' and frames the memorial as part of reconciliation efforts, endorsing this work.",haiku-4-5,2026-09-14T23:58:35.732759+00:00,2,2,1.0
tiktok,7298419021467127073,https://www.tiktok.com/@pableterrod/video/7298419021467127073,Pablo Rodriguez,pableterrod,politician,member of parliament,Liberal,party:Liberal,2023,2023-11-06T18:33:23.000000+0000,deportees,NEUTRAL,0,NEUTRAL,"The word 'deporte' (sport) appears in the caption as part of a call for followers to send in sports fails, but the post itself is about a crossfit exercise the author invented. The target appears to be a transcription or translation artifact and is not what the post is about.",haiku-4-5,2026-09-14T23:58:35.945560+00:00,2,2,1.0
tiktok,7298419021467127073,https://www.tiktok.com/@pableterrod/video/7298419021467127073,Pablo Rodriguez,pableterrod,politician,member of parliament,Liberal,party:Liberal,2023,2023-11-06T18:33:23.000000+0000,exercise,FAVOR,1,FAVOR,"The post is about a new crossfit exercise the author invented and is promoting it enthusiastically, describing it as 'la hostia' (great/awesome) and encouraging followers to try it.",haiku-4-5,2026-09-14T23:58:35.945560+00:00,2,2,1.0
tiktok,7284710900592823558,https://www.tiktok.com/@wasai.rahimi/video/7284710900592823558,Wasai Rahimi,wasai.rahimi,politician,non-incumbent parliamentary candidate,PPC,party:PPC,2023,2023-09-30T19:58:59.000000+0000,elementary education standards,NEUTRAL,1,AGAINST,"The post extensively criticizes what is being taught to children in schools, describing indoctrination and sexualization, and calls for full parental choice in education and changes to how school funding works. The speaker is clearly taking a position against current education standards and practices.",haiku-4-5,2026-09-14T23:58:35.976246+00:00,13,2,6.5
tiktok,7284710900592823558,https://www.tiktok.com/@wasai.rahimi/video/7284710900592823558,Wasai Rahimi,wasai.rahimi,politician,non-incumbent parliamentary candidate,PPC,party:PPC,2023,2023-09-30T19:58:59.000000+0000,political power,FAVOR,1,AGAINST,"The post criticizes MPs and political leaders for failing to show up and stand up for parents on these issues, arguing that older leaders are not doing their job and that politicians need to step out of their comfort zones and take action. The critique is directed at how political power is being exercised.",haiku-4-5,2026-09-14T23:58:35.976246+00:00,13,2,6.5
tiktok,7371908063260839174,https://www.tiktok.com/@honveer_singh_randhawa/video/7371908063260839174,Honveer Singh Randhawa,honveer_singh_randhawa,politician,non-incumbent candidate,Conservative Party of British Columbia,party:Conservative,2024,2024-05-22T19:28:24.000000+0000,bc,FAVOR,1,NEUTRAL,"BC is the geographic region where the candidate is campaigning (Surrey-Guildford, British Columbia). The post mentions connecting with the community but takes no position on BC itself.",haiku-4-5,2026-09-14T23:58:36.081164+00:00,2,2,1.0
tiktok,7371908063260839174,https://www.tiktok.com/@honveer_singh_randhawa/video/7371908063260839174,Honveer Singh Randhawa,honveer_singh_randhawa,politician,non-incumbent candidate,Conservative Party of British Columbia,party:Conservative,2024,2024-05-22T19:28:24.000000+0000,conservative party,FAVOR,1,FAVOR,"The candidate is running as a Conservative Party of BC candidate and explicitly identifies with the party in the caption and hashtags, presenting it as part of their campaign identity.",haiku-4-5,2026-09-14T23:58:36.081164+00:00,2,2,1.0
tiktok,7396833944819436846,https://www.tiktok.com/@jenpsaki/video/7396833944819436846,Jen Psaki,jenpsaki,influencer,commentator,,type:influencer,2024,2024-07-28T23:33:36.000000+0000,kamal harris,FAVOR,1,NEUTRAL,"The post mentions Kamala Harris in a hashtag within a casual, playful caption about 'brat summer' and asks for favorite analyst comments. The post does not take a position for or against Harris; it simply names her as part of a pop culture reference.",haiku-4-5,2026-09-14T23:58:36.716398+00:00,1,1,1.0
tiktok,7377059383127166250,https://www.tiktok.com/@bennyjohnson/video/7377059383127166250,Benny Johnson,bennyjohnson,foreign,influencer,,type:foreign,2024,2024-06-05T16:38:11.000000+0000,lib,AGAINST,1,AGAINST,"The caption frames the post as 'Piers Morgan TROLLS Insufferable Lib on Live TV' with a laughing emoji, positioning the unnamed liberal guest as the target of mockery. The post is about this person being trolled and presented as insufferable.",haiku-4-5,2026-09-14T23:58:36.768006+00:00,3,2,1.5
tiktok,7377059383127166250,https://www.tiktok.com/@bennyjohnson/video/7377059383127166250,Benny Johnson,bennyjohnson,foreign,influencer,,type:foreign,2024,2024-06-05T16:38:11.000000+0000,piers morgan,AGAINST,1,FAVOR,"The post celebrates Piers Morgan trolling a liberal guest, presenting his arguments (comparing Trump to Clinton) as clever comebacks. The framing and emoji indicate approval of Morgan's performance.",haiku-4-5,2026-09-14T23:58:36.768006+00:00,3,2,1.5
tiktok,7415228707444477189,https://www.tiktok.com/@craigsauve/video/7415228707444477189,Craig Sauvé,craigsauve,politician,non-incumbent parliamentary candidate,NDP,party:NDP,2024,2024-09-16T13:14:41.000000+0000,bio,NEUTRAL,0,NEUTRAL,"The word 'bio' refers to the account's profile bio where a link is placed, not a subject the post takes a position on. It is a technical reference to where information can be found.",haiku-4-5,2026-09-14T23:58:37.037250+00:00,2,2,1.0
tiktok,7415228707444477189,https://www.tiktok.com/@craigsauve/video/7415228707444477189,Craig Sauvé,craigsauve,politician,non-incumbent parliamentary candidate,NDP,party:NDP,2024,2024-09-16T13:14:41.000000+0000,voter,NEUTRAL,1,FAVOR,"The post encourages people to vote and provides information on where to do so, presenting voting as a positive action the audience should take.",haiku-4-5,2026-09-14T23:58:37.037250+00:00,2,2,1.0
tiktok,7415650315812228358,https://www.tiktok.com/@jeandenisgaron/video/7415650315812228358,Jean-Denis Garon,jeandenisgaron,politician,member of parliament,Bloc Québécois,party:Bloc Québécois,2024,2024-09-17T16:30:43.000000+0000,quebec,NEUTRAL,1,FAVOR,"The post explicitly states the speaker's commitment to making gains for Quebec ('Si on est capable de faire des gains pour le Québec'), framing Quebec's interests as a priority worth pursuing.",haiku-4-5,2026-09-14T23:58:37.508380+00:00,5,2,2.5
tiktok,7415650315812228358,https://www.tiktok.com/@jeandenisgaron/video/7415650315812228358,Jean-Denis Garon,jeandenisgaron,politician,member of parliament,Bloc Québécois,party:Bloc Québécois,2024,2024-09-17T16:30:43.000000+0000,quebec media policies,NEUTRAL,0,NEUTRAL,The post does not discuss media policies or any specific policy area; it is a general statement about pursuing gains for Quebec and dismissing external distractions. The target does not appear in the text and is not what the post is about.,haiku-4-5,2026-09-14T23:58:37.508380+00:00,5,2,2.5
tiktok,7415745196316478726,https://www.tiktok.com/@wasai.rahimi/video/7415745196316478726,Wasai Rahimi,wasai.rahimi,politician,non-incumbent parliamentary candidate,PPC,party:PPC,2024,2024-09-17T22:38:56.000000+0000,child indoctrination,AGAINST,1,AGAINST,"The hashtag #StopChildrenIndoctrination is the explicit subject of the event being promoted, and the phrasing 'stop' signals opposition to the practice.",haiku-4-5,2026-09-14T23:58:37.798740+00:00,2,2,1.0
tiktok,7415745196316478726,https://www.tiktok.com/@wasai.rahimi/video/7415745196316478726,Wasai Rahimi,wasai.rahimi,politician,non-incumbent parliamentary candidate,PPC,party:PPC,2024,2024-09-17T22:38:56.000000+0000,kitchener city hall,NEUTRAL,1,NEUTRAL,"Kitchener City Hall is named as the venue for the event but is merely the location, not something the post takes a position on.",haiku-4-5,2026-09-14T23:58:37.798740+00:00,2,2,1.0
tiktok,7422284971051683078,https://www.tiktok.com/@francoislegault/video/7422284971051683078,François Legault,francoislegault,politician,member of the provincial legislature,Coalition avenir Québec,party:Other party,2024,2024-10-05T13:36:36.000000+0000,ordered,NEUTRAL,0,NEUTRAL,The word 'ordered' appears only as a transcription artifact ('pourra ordonner' transcribed as 'could order'). It is not a subject the post takes a position on; the post is about non-consensual intimate image sharing and court remedies.,haiku-4-5,2026-09-14T23:58:38.199362+00:00,6,2,3.0
tiktok,7422284971051683078,https://www.tiktok.com/@francoislegault/video/7422284971051683078,François Legault,francoislegault,politician,member of the provincial legislature,Coalition avenir Québec,party:Other party,2024,2024-10-05T13:36:36.000000+0000,quebec public broadcasting,NEUTRAL,0,NEUTRAL,Quebec public broadcasting is not mentioned or discussed in the post. The post is about a legal measure to combat non-consensual intimate image sharing and does not address broadcasting.,haiku-4-5,2026-09-14T23:58:38.199362+00:00,6,2,3.0
tiktok,7423495506124475653,https://www.tiktok.com/@soniafurstenau/video/7423495506124475653,Sonia Furstenau,soniafurstenau,politician,incumbent candidate,Green Party Political Association of British Columbia,party:Green,2024,2024-10-08T19:54:10.000000+0000,clean energy industry,FAVOR,1,FAVOR,The post explicitly advocates for BC to develop abundant affordable clean energy and positions it as central to the economic vision the BC Greens are promoting. The speaker frames this as part of moving toward a knowledge-based economy.,haiku-4-5,2026-09-14T23:58:38.235604+00:00,10,2,5.0
tiktok,7423495506124475653,https://www.tiktok.com/@soniafurstenau/video/7423495506124475653,Sonia Furstenau,soniafurstenau,politician,incumbent candidate,Green Party Political Association of British Columbia,party:Green,2024,2024-10-08T19:54:10.000000+0000,environmental policy,FAVOR,1,FAVOR,"The post criticizes ignoring climate change's impact and advocates for leaders who recognize climate change's effects on the economy, health, and well-being. The BC Greens' platform is presented as addressing this through environmental and economic transformation.",haiku-4-5,2026-09-14T23:58:38.235604+00:00,10,2,5.0
tiktok,7410060211425430790,https://www.tiktok.com/@wasai.rahimi/video/7410060211425430790,Wasai Rahimi,wasai.rahimi,politician,non-incumbent parliamentary candidate,PPC,party:PPC,2024,2024-09-02T14:58:19.000000+0000,child abuse,AGAINST,1,AGAINST,"The post frames the speaker as wrongly accused of abuse by DCFS and school authorities for not supporting their child's gender transition. The narrative positions child protection intervention as unjust, implicitly arguing against the characterization of parental non-support as abusive.",haiku-4-5,2026-09-14T23:58:38.287018+00:00,7,2,3.5
tiktok,7410060211425430790,https://www.tiktok.com/@wasai.rahimi/video/7410060211425430790,Wasai Rahimi,wasai.rahimi,politician,non-incumbent parliamentary candidate,PPC,party:PPC,2024,2024-09-02T14:58:19.000000+0000,child protection policies,AGAINST,1,AGAINST,"The post criticizes school and DCFS involvement, portraying the speaker as unsupported and blamed while authorities sided against them. The narrative attacks how child protection policies were applied in this case, framing them as harmful and unjust.",haiku-4-5,2026-09-14T23:58:38.287018+00:00,7,2,3.5
tiktok,7426347280535506182,https://www.tiktok.com/@roselessard4/video/7426347280535506182,Rose Lessard,roselessard4,politician,non-incumbent parliamentary candidate,Bloc Québécois,party:Bloc Québécois,2024,2024-10-16T12:20:28.000000+0000,candidate,FAVOR,1,FAVOR,The post announces the author's candidacy for the Bloc Québécois nomination in Hochelaga-Rosemont-Est. The author presents herself as a candidate with enthusiasm and invites people to support her campaign.,haiku-4-5,2026-09-14T23:58:38.423483+00:00,6,2,3.0
tiktok,7426347280535506182,https://www.tiktok.com/@roselessard4/video/7426347280535506182,Rose Lessard,roselessard4,politician,non-incumbent parliamentary candidate,Bloc Québécois,party:Bloc Québécois,2024,2024-10-16T12:20:28.000000+0000,quebec public broadcasting,NEUTRAL,0,NEUTRAL,Quebec public broadcasting is not mentioned or discussed anywhere in the post. The post is about the author's candidacy announcement and has no connection to this target.,haiku-4-5,2026-09-14T23:58:38.423483+00:00,6,2,3.0
tiktok,7432452477376630021,https://www.tiktok.com/@gghamari/video/7432452477376630021,Goldie Ghamari,gghamari,politician,member of the provincial legislature,Independent,party:Independent,2024,2024-11-01T23:11:42.000000+0000,pierre poilevrevr,FAVOR,1,FAVOR,"The caption explicitly states 'I can't wait to vote for Pierre Poilievre,' expressing clear support and endorsement for him.",haiku-4-5,2026-09-14T23:58:38.598602+00:00,5,2,2.5
tiktok,7432452477376630021,https://www.tiktok.com/@gghamari/video/7432452477376630021,Goldie Ghamari,gghamari,politician,member of the provincial legislature,Independent,party:Independent,2024,2024-11-01T23:11:42.000000+0000,trudeau's cabinet decisions,AGAINST,0,NEUTRAL,"The post criticizes Trudeau's communication style and incoherence, not his cabinet decisions specifically. The target does not match what the post actually discusses.",haiku-4-5,2026-09-14T23:58:38.598602+00:00,5,2,2.5
tiktok,7450148760002366726,https://www.tiktok.com/@stephenblais/video/7450148760002366726,Stephen Blais,stephenblais,politician,member of the provincial legislature,Ontario Liberal Party,party:Liberal,2024,2024-12-19T15:42:17.000000+0000,affordable crisis,FAVOR,1,AGAINST,The post frames the affordability crisis as a problem that needs action and proposes tax relief as a solution. The stance is against the crisis itself—the post argues for measures to address it.,haiku-4-5,2026-09-14T23:58:39.429365+00:00,6,2,3.0
tiktok,7450148760002366726,https://www.tiktok.com/@stephenblais/video/7450148760002366726,Stephen Blais,stephenblais,politician,member of the provincial legislature,Ontario Liberal Party,party:Liberal,2024,2024-12-19T15:42:17.000000+0000,doug ford,AGAINST,1,AGAINST,"The post explicitly states 'Doug Ford says NO' to the proposed action and criticizes the government for not taking action on HST cuts for home heating, positioning Ford's government as failing families.",haiku-4-5,2026-09-14T23:58:39.429365+00:00,6,2,3.0
tiktok,7425504154623331589,https://www.tiktok.com/@nerdyaboutnature/video/7425504154623331589,Ross Reid,nerdyaboutnature,politician,non-incumbent candidate,Green Party Political Association of British Columbia,party:Green,2024,2024-10-14T05:48:42.000000+0000,capital gain,AGAINST,0,NEUTRAL,"The phrase 'capital gain' does not appear in the post. The post discusses landlords accruing equity and profit from rental properties, but does not use or engage with the specific concept of 'capital gain' as a target.",haiku-4-5,2026-09-14T23:58:39.544183+00:00,6,2,3.0
tiktok,7425504154623331589,https://www.tiktok.com/@nerdyaboutnature/video/7425504154623331589,Ross Reid,nerdyaboutnature,politician,non-incumbent candidate,Green Party Political Association of British Columbia,party:Green,2024,2024-10-14T05:48:42.000000+0000,landlord,AGAINST,1,AGAINST,"The post extensively critiques landlords' predatory behavior in the rental market, describing them as profiting off tenants' basic needs and driving up housing costs. While the author clarifies it's 'not about hating the players' but 'hating the game,' the post clearly opposes landlords' current practices and the system that enables them.",haiku-4-5,2026-09-14T23:58:39.544183+00:00,6,2,3.0
tiktok,7470924492022271238,https://www.tiktok.com/@schmoopydan/video/7470924492022271238,Daniel Birrell,schmoopydan,politician,non-incumbent parliamentary candidate,Green,party:Green,2025,2025-02-13T15:22:43.000000+0000,political extremism,NEUTRAL,0,NEUTRAL,"The phrase 'political extremism' does not appear in the post and is not what the post is about. The post criticizes Pierre Poilievre and the Conservatives for hypocrisy and voting against working-class policies, but does not discuss or take a stance on political extremism as a concept.",haiku-4-5,2026-09-14T23:58:39.563843+00:00,18,2,9.0
tiktok,7470924492022271238,https://www.tiktok.com/@schmoopydan/video/7470924492022271238,Daniel Birrell,schmoopydan,politician,non-incumbent parliamentary candidate,Green,party:Green,2025,2025-02-13T15:22:43.000000+0000,public employment programs,NEUTRAL,0,NEUTRAL,"The post does not discuss public employment programs. It mentions specific policies the Conservatives voted against (grocery price caps, ceasefire, school food program, disability programs) but does not address public employment programs as a target.",haiku-4-5,2026-09-14T23:58:39.563843+00:00,18,2,9.0
tiktok,7487050647431367941,https://www.tiktok.com/@gurvirforguelph/video/7487050647431367941,Gurvir Khaira,gurvirforguelph,politician,non-incumbent parliamentary candidate,Conservative,party:Conservative,2025,2025-03-29T02:20:30.000000+0000,conservative candidate,NEUTRAL,1,FAVOR,The post is from a Conservative candidate describing their campaign work and asking for support. The candidate presents themselves positively as working hard to earn votes and bring change.,haiku-4-5,2026-09-14T23:58:40.129189+00:00,2,2,1.0
tiktok,7487050647431367941,https://www.tiktok.com/@gurvirforguelph/video/7487050647431367941,Gurvir Khaira,gurvirforguelph,politician,non-incumbent parliamentary candidate,Conservative,party:Conservative,2025,2025-03-29T02:20:30.000000+0000,vote,FAVOR,1,FAVOR,"The post explicitly states 'We're working as hard as possible to earn your vote,' framing voting for the candidate as something to be sought and supported.",haiku-4-5,2026-09-14T23:58:40.129189+00:00,2,2,1.0
tiktok,7493962133051395383,https://www.tiktok.com/@jefflalbramptoneast/video/7493962133051395383,Jeff Lal,jefflalbramptoneast,politician,non-incumbent parliamentary candidate,PPC,party:PPC,2025,2025-04-19T15:10:00.000000+0000,crime,AGAINST,1,AGAINST,"The post repeatedly criticizes crime as a major crisis facing Canada, contrasting 2010 when there was 'no crime' with 2025 when 'crime taking over our streets' and 'high crime rate' are presented as problems to be solved.",haiku-4-5,2026-09-14T23:58:40.281939+00:00,9,2,4.5
tiktok,7493962133051395383,https://www.tiktok.com/@jefflalbramptoneast/video/7493962133051395383,Jeff Lal,jefflalbramptoneast,politician,non-incumbent parliamentary candidate,PPC,party:PPC,2025,2025-04-19T15:10:00.000000+0000,immigration,AGAINST,1,AGAINST,"The post lists 'mass immigration' as one of the 'major crises our country is facing today,' grouping it with inflation, crime, and healthcare failures as problems that justify voting for change.",haiku-4-5,2026-09-14T23:58:40.281939+00:00,9,2,4.5
tiktok,7475009135633763589,https://www.tiktok.com/@itssarahjama/video/7475009135633763589,Sarah Jama,itssarahjama,politician,member of the provincial legislature,Independent,party:Independent,2025,2025-02-24T15:33:13.000000+0000,political involvement,FAVOR,1,FAVOR,The post argues for engagement in the political system and advocates for a reformed approach to politics through independent representation. The candidate frames political involvement as valuable when freed from party constraints.,haiku-4-5,2026-09-14T23:58:40.566546+00:00,12,2,6.0
tiktok,7475009135633763589,https://www.tiktok.com/@itssarahjama/video/7475009135633763589,Sarah Jama,itssarahjama,politician,member of the provincial legislature,Independent,party:Independent,2025,2025-02-24T15:33:13.000000+0000,voting rights,FAVOR,0,NEUTRAL,"The post does not discuss voting rights as a subject. The hashtag #votesarahjama is a campaign call-to-action, not a position on voting rights themselves.",haiku-4-5,2026-09-14T23:58:40.566546+00:00,12,2,6.0
tiktok,7538180390993890591,https://www.tiktok.com/@bennyjohnson/video/7538180390993890591,Benny Johnson,bennyjohnson,foreign,influencer,,type:foreign,2025,2025-08-13T21:10:12.000000+0000,right-wing media shows,AGAINST,0,NEUTRAL,"The post does not discuss or take a position on right-wing media shows as a category. The mention of 'The Megyn Kelly Show' is a credit/attribution for where the speaker appeared, not a subject the post engages with.",haiku-4-5,2026-09-14T23:58:40.885261+00:00,11,2,5.5
tiktok,7538180390993890591,https://www.tiktok.com/@bennyjohnson/video/7538180390993890591,Benny Johnson,bennyjohnson,foreign,influencer,,type:foreign,2025,2025-08-13T21:10:12.000000+0000,white collar worker,NEUTRAL,0,NEUTRAL,"The post does not discuss white collar workers or take any position on them. The central argument is about claims of working-class background, not about white collar work as a category.",haiku-4-5,2026-09-14T23:58:40.885261+00:00,11,2,5.5
tiktok,7552940185827233035,https://www.tiktok.com/@rhihoyleyeg/video/7552940185827233035,Rhiannon Hoyle,rhihoyleyeg,politician,member of the provincial legislature,Alberta New Democratic Party,party:NDP,2025,2025-09-22T15:45:30.000000+0000,students' education,FAVOR,1,FAVOR,"The post argues that Albertans deserve a government that supports students and criticizes the UCP for providing the lowest per-student funding in Canada, advocating for increased funding and reduced class sizes.",haiku-4-5,2026-09-14T23:58:41.109231+00:00,6,2,3.0
tiktok,7552940185827233035,https://www.tiktok.com/@rhihoyleyeg/video/7552940185827233035,Rhiannon Hoyle,rhihoyleyeg,politician,member of the provincial legislature,Alberta New Democratic Party,party:NDP,2025,2025-09-22T15:45:30.000000+0000,teachers,FAVOR,1,FAVOR,"The post defends teachers against the UCP's advertising campaign that vilifies them, and calls for fair compensation and support for educators.",haiku-4-5,2026-09-14T23:58:41.109231+00:00,6,2,3.0
tiktok,7553380052319194389,https://www.tiktok.com/@sol.zanetti.qc/video/7553380052319194389,Sol Zanetti,sol.zanetti.qc,politician,incumbent provincial candidate,Québec solidaire,party:Other party,2025,2025-09-23T20:12:40.000000+0000,artistes,FAVOR,1,FAVOR,"The post directly advocates for putting money into artists' pockets and frames it as a worthwhile investment, clearly supporting artists.",haiku-4-5,2026-09-14T23:58:41.494580+00:00,2,2,1.0
tiktok,7553380052319194389,https://www.tiktok.com/@sol.zanetti.qc/video/7553380052319194389,Sol Zanetti,sol.zanetti.qc,politician,incumbent provincial candidate,Québec solidaire,party:Other party,2025,2025-09-23T20:12:40.000000+0000,subventions,NEUTRAL,1,FAVOR,"The post reframes funding for artists not as mere subsidies but as investment, defending the practice of providing financial support to artists.",haiku-4-5,2026-09-14T23:58:41.494580+00:00,2,2,1.0
tiktok,7482826333383396614,https://www.tiktok.com/@chris.beaudry.mla/video/7482826333383396614,Chris Beaudry,chris.beaudry.mla,politician,member of the provincial legislature,Saskatchewan Party,party:Conservative,2025,2025-03-17T17:07:59.000000+0000,canadian agriculture,FAVOR,1,FAVOR,"The post promotes Canadian Agriculture Safety Week and advocates for safety practices in the agricultural industry, positioning agriculture as something to be supported and improved.",haiku-4-5,2026-09-14T23:58:41.496836+00:00,2,2,1.0
tiktok,7482826333383396614,https://www.tiktok.com/@chris.beaudry.mla/video/7482826333383396614,Chris Beaudry,chris.beaudry.mla,politician,member of the provincial legislature,Saskatchewan Party,party:Conservative,2025,2025-03-17T17:07:59.000000+0000,farm,FAVOR,1,FAVOR,"The post expresses privilege in farming, emphasizes responsibility to the industry, and calls for collaborative safety improvements on farms, all framed positively.",haiku-4-5,2026-09-14T23:58:41.496836+00:00,2,2,1.0
tiktok,7566675686908366100,https://www.tiktok.com/@meetbeynate/video/7566675686908366100,Nathaniel Erskine-Smith,meetbeynate,politician,member of parliament,Liberal,party:Liberal,2025,2025-10-29T16:06:16.000000+0000,commercial trade regulations,NEUTRAL,0,NEUTRAL,"The post does not discuss commercial trade regulations. It focuses on Marineland's animal captivity practices, cetacean welfare, and government intervention to seize animals, but does not engage with trade regulation policy.",haiku-4-5,2026-09-14T23:58:42.188780+00:00,15,2,7.5
tiktok,7566675686908366100,https://www.tiktok.com/@meetbeynate/video/7566675686908366100,Nathaniel Erskine-Smith,meetbeynate,politician,member of parliament,Liberal,party:Liberal,2025,2025-10-29T16:06:16.000000+0000,marineland training,FAVOR,1,AGAINST,"Phil Demers is introduced as a 'Marineland trainer turned whistleblower' and the post extensively criticizes Marineland's practices, animal captivity, and irresponsible caretaking, with calls for government seizure of the animals rather than allowing Marineland to continue operating.",haiku-4-5,2026-09-14T23:58:42.188780+00:00,15,2,7.5
tiktok,7568574676268502293,https://www.tiktok.com/@jocleyy/video/7568574676268502293,Jo Clé,jocleyy,influencer,commentator,,type:influencer,2025,2025-11-03T18:55:22.000000+0000,cavalier,AGAINST,0,NEUTRAL,"The transcript is a rambling personal monologue about honesty, realism, and personal growth. The word 'cavalier' does not appear in the transcript and is not a subject the post discusses or takes a position on.",haiku-4-5,2026-09-14T23:58:42.322811+00:00,6,2,3.0
tiktok,7568574676268502293,https://www.tiktok.com/@jocleyy/video/7568574676268502293,Jo Clé,jocleyy,influencer,commentator,,type:influencer,2025,2025-11-03T18:55:22.000000+0000,player,NEUTRAL,0,NEUTRAL,"The word 'player' does not appear in the transcript. The post is a personal reflection on honesty and character, not a discussion of 'players' as a concept or group.",haiku-4-5,2026-09-14T23:58:42.322811+00:00,6,2,3.0
tiktok,7596127938513325319,https://www.tiktok.com/@wabkinew/video/7596127938513325319,Wab Kinew,wabkinew,politician,member of the provincial legislature,New Democratic Party of Manitoba,party:NDP,2026,2026-01-17T00:56:04.000000+0000,kid,FAVOR,1,FAVOR,"The post centers on preparing children for an AI-powered future and frames them as the beneficiaries of education and opportunity. The language emphasizes giving kids 'space to grow, create, and reach their full potential,' which is clearly supportive.",haiku-4-5,2026-09-14T23:58:42.330256+00:00,1,1,1.0
tiktok,7579327765569096973,https://www.tiktok.com/@officialrubinreport/video/7579327765569096973,Dave Rubin,officialrubinreport,foreign,influencer,,type:foreign,2025,2025-12-02T18:23:22.000000+0000,israel,AGAINST,0,NEUTRAL,"Israel appears only as a hashtag alongside other unrelated topics (transgender, trans, palestine, protest). The post's actual content is minimal and does not engage with Israel as a subject; the hashtags appear to be promotional tags with no bearing on the post's argument or focus.",haiku-4-5,2026-09-14T23:58:42.399060+00:00,1,1,1.0
tiktok,7562039359008984341,https://www.tiktok.com/@gghamari/video/7562039359008984341,Goldie Ghamari,gghamari,politician,member of the provincial legislature,Independent,party:Independent,2025,2025-10-17T04:14:56.000000+0000,jewish people,AGAINST,1,NEUTRAL,"The post describes attending a Jewish gathering and reports on what occurs when Jewish people celebrate together. While the framing as 'infiltration' and 'exposure' carries a conspiratorial tone, the post itself makes no explicit argument for or against Jewish people as a group—it reports on an event attended.",haiku-4-5,2026-09-14T23:58:42.425292+00:00,2,2,1.0
tiktok,7562039359008984341,https://www.tiktok.com/@gghamari/video/7562039359008984341,Goldie Ghamari,gghamari,politician,member of the provincial legislature,Independent,party:Independent,2025,2025-10-17T04:14:56.000000+0000,zionist party,AGAINST,1,NEUTRAL,"The post describes attending a Zionist party event and promises to expose what happens there. The language of 'infiltration' and 'exposure' suggests skepticism, but the post does not explicitly argue against the party or its positions—it frames the attendance as reportage.",haiku-4-5,2026-09-14T23:58:42.425292+00:00,2,2,1.0
tiktok,7568962758742396168,https://www.tiktok.com/@jeandenisgaron/video/7568962758742396168,Jean-Denis Garon,jeandenisgaron,politician,member of parliament,Bloc Québécois,party:Bloc Québécois,2025,2025-11-04T20:01:15.000000+0000,liberal government,AGAINST,1,AGAINST,"The post criticizes the Liberal government's handling of seniors' benefits, accusing them of discrimination and mismanagement over 10 years, and attacks their use of public funds to buy votes in Quebec.",haiku-4-5,2026-09-14T23:58:42.535444+00:00,2,2,1.0
tiktok,7568962758742396168,https://www.tiktok.com/@jeandenisgaron/video/7568962758742396168,Jean-Denis Garon,jeandenisgaron,politician,member of parliament,Bloc Québécois,party:Bloc Québécois,2025,2025-11-04T20:01:15.000000+0000,quebec government budget,AGAINST,0,NEUTRAL,The post discusses the federal budget under the Carney government and the Bloc's demands on federal issues; the Quebec government budget is not the subject of this post.,haiku-4-5,2026-09-14T23:58:42.535444+00:00,2,2,1.0
tiktok,7603036322814545173,https://www.tiktok.com/@thefrantzbenjamin/video/7603036322814545173,Frantz Benjamin,thefrantzbenjamin,politician,incumbent provincial candidate,Parti libéral du Québec,party:Liberal,2026,2026-02-04T15:44:08.000000+0000,fantasia,NEUTRAL,1,NEUTRAL,"The post announces an event featuring Michel Mpambara at Fantasia on February 28. Fantasia is the venue/event being referenced, presented as a factual announcement with no evaluative stance.",haiku-4-5,2026-09-14T23:58:42.815526+00:00,1,1,1.0
twitter,1486076034122457093,https://x.com/pascalestonge_/status/1486076034122457093,Pascale St-Onge,pascalestonge_,politician,member of parliament,Liberal,party:Liberal,2022,2022-01-25T20:38:31.000000+0000,estrie,FAVOR,1,FAVOR,"The post celebrates athletes from Estrie and expresses pride in the region, positioning it as full of talent and worthy of pride.",haiku-4-5,2026-09-14T23:58:43.449699+00:00,1,1,1.0
twitter,1491874873345515523,https://x.com/drewdilkens/status/1491874873345515523,Drew Dilkens,drewdilkens,politician,head of municipal government,,type:politician,2022,2022-02-10T20:41:02.000000+0000,windsor city council,NEUTRAL,1,NEUTRAL,"The post reports that Windsor City Council met and authorized an action (seeking an injunction). This is a factual announcement of what the council did, with no argument for or against the council itself.",haiku-4-5,2026-09-14T23:58:43.969910+00:00,1,1,1.0
tiktok,7635035608619994375,https://www.tiktok.com/@christinefrechette/video/7635035608619994375,Christine Fréchette,christinefrechette,politician,incumbent provincial candidate,Coalition avenir Québec,party:Other party,2026,2026-05-01T21:17:40.000000+0000,labor market expansion,FAVOR,0,NEUTRAL,"The post celebrates Alstom's manufacturing excellence and thanks workers, but does not discuss labor market expansion as a policy or concept. The target is not what the post is about.",haiku-4-5,2026-09-14T23:58:43.979130+00:00,9,2,4.5
tiktok,7635035608619994375,https://www.tiktok.com/@christinefrechette/video/7635035608619994375,Christine Fréchette,christinefrechette,politician,incumbent provincial candidate,Coalition avenir Québec,party:Other party,2026,2026-05-01T21:17:40.000000+0000,workers' right to work,FAVOR,0,NEUTRAL,The post thanks workers for their contributions on International Workers' Day but does not engage with the concept of workers' right to work as a principle or policy position.,haiku-4-5,2026-09-14T23:58:43.979130+00:00,9,2,4.5
tiktok,7609745960180206861,https://www.tiktok.com/@officialrubinreport/video/7609745960180206861,Dave Rubin,officialrubinreport,foreign,influencer,,type:foreign,2026,2026-02-22T17:41:20.000000+0000,america,FAVOR,1,FAVOR,"The post directly addresses America with enthusiastic language ('RAHHHHH') and patriotic emoji, expressing support and celebration of the country.",haiku-4-5,2026-09-14T23:58:44.121036+00:00,5,2,2.5
tiktok,7609745960180206861,https://www.tiktok.com/@officialrubinreport/video/7609745960180206861,Dave Rubin,officialrubinreport,foreign,influencer,,type:foreign,2026,2026-02-22T17:41:20.000000+0000,american diplomacy,NEUTRAL,0,NEUTRAL,The post is a brief patriotic exclamation with no discussion of diplomacy or any specific policy. The target is not what the post is about.,haiku-4-5,2026-09-14T23:58:44.121036+00:00,5,2,2.5
twitter,1486735476656541701,https://x.com/elizabethmay/status/1486735476656541701,Elizabeth May,elizabethmay,politician,member of parliament,Green,party:Green,2022,2022-01-27T16:18:54.000000+0000,nazi regime,AGAINST,1,AGAINST,The post explicitly condemns the Nazi regime as 'devastating evil' and uses it as the historical basis for a commitment to end genocide.,haiku-4-5,2026-09-14T23:58:44.162776+00:00,4,2,2.0
twitter,1486735476656541701,https://x.com/elizabethmay/status/1486735476656541701,Elizabeth May,elizabethmay,politician,member of parliament,Green,party:Green,2022,2022-01-27T16:18:54.000000+0000,the horror of the shoah,AGAINST,1,AGAINST,"The post opens by remembering the horror of the Shoah and condemns it, framing it as a devastating tragedy that motivates the commitment to 'Never Again.'",haiku-4-5,2026-09-14T23:58:44.162776+00:00,4,2,2.0
tiktok,7616811351062727949,https://www.tiktok.com/@robsmithonline/video/7616811351062727949,Rob Smith,robsmithonline,influencer,commentator,,type:influencer,2026,2026-03-13T23:00:00.000000+0000,illegals,AGAINST,1,AGAINST,"The post presents data claiming over 60% of undocumented immigrants are on welfare, framed as a negative finding. The hashtags #illegalimmigrants and #illegalimmigration confirm this is the post's subject, and the framing is critical.",haiku-4-5,2026-09-14T23:58:44.295613+00:00,2,2,1.0
tiktok,7616811351062727949,https://www.tiktok.com/@robsmithonline/video/7616811351062727949,Rob Smith,robsmithonline,influencer,commentator,,type:influencer,2026,2026-03-13T23:00:00.000000+0000,welfare,AGAINST,1,NEUTRAL,"Welfare is mentioned as the context for the statistic about undocumented immigrants, but the post takes no position on welfare itself—it uses welfare receipt as evidence against undocumented immigrants.",haiku-4-5,2026-09-14T23:58:44.295613+00:00,2,2,1.0
twitter,1496268320622116864,https://x.com/josie_osborne/status/1496268320622116864,Josie Osborne,josie_osborne,politician,incumbent candidate,NDP,party:NDP,2022,2022-02-22T23:39:01.000000+0000,carbon emissions regulation,FAVOR,0,NEUTRAL,"The post discusses climate action and the budget's support for local governments' climate work, but does not specifically address carbon emissions regulation as a policy or mechanism.",haiku-4-5,2026-09-14T23:58:44.306615+00:00,8,2,4.0
twitter,1496268320622116864,https://x.com/josie_osborne/status/1496268320622116864,Josie Osborne,josie_osborne,politician,incumbent candidate,NDP,party:NDP,2022,2022-02-22T23:39:01.000000+0000,fossil fuel phase-out,FAVOR,0,NEUTRAL,The post mentions fighting climate change but does not discuss or take a position on fossil fuel phase-out specifically.,haiku-4-5,2026-09-14T23:58:44.306615+00:00,8,2,4.0
tiktok,7642388586146352405,https://www.tiktok.com/@jeandenisgaron/video/7642388586146352405,Jean-Denis Garon,jeandenisgaron,politician,member of parliament,Bloc Québécois,party:Bloc Québécois,2026,2026-05-21T16:50:58.000000+0000,mirabel,FAVOR,1,FAVOR,"Mirabel is the post's setting and subject. The account defends the people of Mirabel as not for sale and ready to defend their lands and rights, taking a protective stance toward the community.",haiku-4-5,2026-09-14T23:58:44.393282+00:00,2,2,1.0
tiktok,7642388586146352405,https://www.tiktok.com/@jeandenisgaron/video/7642388586146352405,Jean-Denis Garon,jeandenisgaron,politician,member of parliament,Bloc Québécois,party:Bloc Québécois,2026,2026-05-21T16:50:58.000000+0000,tgv libèreal,AGAINST,1,AGAINST,"The post calls for Alto (the TGV project) to stop, using the hashtag #HalteAlto (Stop Alto) and framing it as a Liberal project that must be halted. This is a direct call to oppose the project.",haiku-4-5,2026-09-14T23:58:44.393282+00:00,2,2,1.0
twitter,1496515669810200583,https://x.com/caroaubureau/status/1496515669810200583,Caroline Proulx,caroaubureau,politician,member of the provincial legislature,Coalition avenir Québec,party:Other party,2022,2022-02-23T16:01:54.000000+0000,gouvqc,FAVOR,0,NEUTRAL,"The target is the Quebec government's official account, mentioned in the parent post but not discussed in the reply itself. The post expresses support for the tourism project but does not take a position on the government account or entity.",haiku-4-5,2026-09-14T23:58:45.104103+00:00,1,1,1.0
twitter,1552790239730606080,https://x.com/mariosimardbq/status/1552790239730606080,Mario Simard,mariosimardbq,politician,member of parliament,Bloc Québécois,party:Bloc Québécois,2022,2022-07-28T22:56:57.000000+0000,titocurtis,NEUTRAL,0,NEUTRAL,The target is a Twitter handle being addressed directly in a reply. The post is not about this account; it is simply a one-word response to another user's question.,haiku-4-5,2026-09-14T23:58:45.600319+00:00,1,1,1.0
twitter,1575579890963066880,https://x.com/mikeschreiner/status/1575579890963066880,Mike Schreiner,mikeschreiner,politician,member of the provincial legislature,Green,party:Green,2022,2022-09-29T20:14:53.000000+0000,navratri,FAVOR,1,FAVOR,"The post directly addresses Navratri, wishing celebrants happiness and joy on behalf of the Ontario Greens. This is a straightforward expression of support and goodwill toward the celebration.",haiku-4-5,2026-09-14T23:58:45.674435+00:00,1,1,1.0
twitter,1605806338834956288,https://x.com/MeghanEMurphy/status/1605806338834956288,Meghan Murphy,MeghanEMurphy,influencer,podcaster,PPC,party:PPC,2022,2022-12-22T06:04:00.000000+0000,platform,AGAINST,1,AGAINST,The post directly criticizes a platform for suppressing regular people's views and amplifying elite opinions. The platform is the subject of the post's complaint.,haiku-4-5,2026-09-14T23:58:46.044680+00:00,2,2,1.0
twitter,1605806338834956288,https://x.com/MeghanEMurphy/status/1605806338834956288,Meghan Murphy,MeghanEMurphy,influencer,podcaster,PPC,party:PPC,2022,2022-12-22T06:04:00.000000+0000,regular people,FAVOR,1,FAVOR,The post defends regular people against vilification and advocates for their views and concerns to be heard rather than suppressed.,haiku-4-5,2026-09-14T23:58:46.044680+00:00,2,2,1.0
twitter,1524107327426732037,https://x.com/victorfedeli/status/1524107327426732037,Victor Fedeli,victorfedeli,politician,member of the provincial legislature,Conservative,party:Conservative,2022,2022-05-10T19:21:18.000000+0000,andrea horwath's ndp,AGAINST,1,AGAINST,"The post directly attributes the cancellation of the Northlander to Andrea Horwath's NDP, blaming them for this action. This is a core claim in the post's argument.",haiku-4-5,2026-09-14T23:58:46.101257+00:00,3,2,1.5
twitter,1524107327426732037,https://x.com/victorfedeli/status/1524107327426732037,Victor Fedeli,victorfedeli,politician,member of the provincial legislature,Conservative,party:Conservative,2022,2022-05-10T19:21:18.000000+0000,northlander,FAVOR,1,FAVOR,"The post advocates for bringing back the Northlander, positioning its restoration as a key commitment of Ford Nation. The post frames this as something worth doing.",haiku-4-5,2026-09-14T23:58:46.101257+00:00,3,2,1.5
twitter,1553841195536642048,https://x.com/CoramayWilson/status/1553841195536642048,Cormany Wilson,CoramayWilson,influencer,commentator,,type:influencer,2022,2022-07-31T20:33:04.000000+0000,az_brittney,NEUTRAL,0,NEUTRAL,"This is a mention/tag of another account in what appears to be a conversational reply, but the post contains no substantive content about this person or account—it is merely a name-drop in a social exchange.",haiku-4-5,2026-09-14T23:58:46.152874+00:00,2,2,1.0
twitter,1553841195536642048,https://x.com/CoramayWilson/status/1553841195536642048,Cormany Wilson,CoramayWilson,influencer,commentator,,type:influencer,2022,2022-07-31T20:33:04.000000+0000,ltwlauren,NEUTRAL,0,NEUTRAL,"This is a mention/tag of another account in what appears to be a conversational reply, but the post contains no substantive content about this person or account—it is merely a name-drop in a social exchange.",haiku-4-5,2026-09-14T23:58:46.152874+00:00,2,2,1.0
twitter,1555631787300139009,https://x.com/coraleeoakes/status/1555631787300139009,Coralee Oakes,coraleeoakes,politician,incumbent candidate,Independent,party:Independent,2022,2022-08-05T19:08:14.000000+0000,job,NEUTRAL,1,AGAINST,The post discusses difficulty recruiting people into healthcare professions and references the parent post's concern about job losses in healthcare. The post frames this as a challenge and problem facing the province.,haiku-4-5,2026-09-14T23:58:46.192967+00:00,6,2,3.0
twitter,1555631787300139009,https://x.com/coraleeoakes/status/1555631787300139009,Coralee Oakes,coraleeoakes,politician,incumbent candidate,Independent,party:Independent,2022,2022-08-05T19:08:14.000000+0000,workers' right to work,NEUTRAL,0,NEUTRAL,"The post does not discuss workers' rights or the right to work as a concept. It addresses recruitment and retention challenges in healthcare professions, which is a different subject.",haiku-4-5,2026-09-14T23:58:46.192967+00:00,6,2,3.0
twitter,1503777142500474880,https://x.com/maximebernier/status/1503777142500474880,Maxime Bernier,maximebernier,influencer,commentator,PPC,party:PPC,2022,2022-03-15T16:56:24.000000+0000,global food shortage,AGAINST,1,AGAINST,"The parent post identifies global food shortages as a consequence of the war and sanctions that should be prevented. This post argues for stopping escalation to avoid such consequences, implicitly opposing the conditions that cause food shortages.",haiku-4-5,2026-09-14T23:58:46.379094+00:00,5,2,2.5
twitter,1503777142500474880,https://x.com/maximebernier/status/1503777142500474880,Maxime Bernier,maximebernier,influencer,commentator,PPC,party:PPC,2022,2022-03-15T16:56:24.000000+0000,sanctions against russia,AGAINST,1,AGAINST,"The parent post names sanctions as a cause of harm (deaths, destruction, inflation, food shortages). This post calls for stopping escalation and finding compromise, positioning sanctions as part of the problem to be reversed.",haiku-4-5,2026-09-14T23:58:46.379094+00:00,5,2,2.5
twitter,1607120387166330883,https://x.com/camaradamachado/status/1607120387166330883,Raphael Machado,camaradamachado,foreign,influencer,,type:foreign,2022,2022-12-25T21:05:33.000000+0000,freedom,FAVOR,1,FAVOR,"The post directly engages with the concept of freedom (liberdade), defining it as self-mastery directed toward the good and arguing that dictatorship may be necessary to guarantee a people's freedom. The post takes a philosophical position in favor of freedom as a value.",haiku-4-5,2026-09-14T23:58:47.239803+00:00,5,2,2.5
twitter,1607120387166330883,https://x.com/camaradamachado/status/1607120387166330883,Raphael Machado,camaradamachado,foreign,influencer,,type:foreign,2022,2022-12-25T21:05:33.000000+0000,human rights protections,NEUTRAL,0,NEUTRAL,The post discusses freedom and dictatorship but does not address human rights protections as a distinct concept or policy. The target is adjacent to the post's subject but not what the post is about.,haiku-4-5,2026-09-14T23:58:47.239803+00:00,5,2,2.5
twitter,1609589154144477184,https://x.com/davidccoon/status/1609589154144477184,David Coon,davidccoon,politician,member of the provincial legislature,Green,party:Green,2023,2023-01-01T16:35:33.000000+0000,provincial energy policy,NEUTRAL,0,NEUTRAL,The post mentions addressing challenges facing the province but does not discuss energy policy specifically. The reference to 'solutions' is too general to constitute engagement with this particular policy area.,haiku-4-5,2026-09-14T23:58:47.545371+00:00,5,2,2.5
twitter,1609589154144477184,https://x.com/davidccoon/status/1609589154144477184,David Coon,davidccoon,politician,member of the provincial legislature,Green,party:Green,2023,2023-01-01T16:35:33.000000+0000,provincial governance models,NEUTRAL,0,NEUTRAL,The post commits to fighting for solutions to provincial challenges but does not discuss or take a position on governance models themselves. It is a general statement of intent rather than engagement with this specific topic.,haiku-4-5,2026-09-14T23:58:47.545371+00:00,5,2,2.5
twitter,1644112925114654723,https://x.com/marcomendicino/status/1644112925114654723,Marco Mendicino,marcomendicino,politician,member of parliament,Liberal,party:Liberal,2023,2023-04-06T23:00:42.000000+0000,gender-based violence,AGAINST,1,NEUTRAL,"The post mentions gender-based violence as one of the topics discussed with the organization, reporting on it as part of a conversation rather than taking a position for or against it.",haiku-4-5,2026-09-14T23:58:47.820718+00:00,2,2,1.0
twitter,1644112925114654723,https://x.com/marcomendicino/status/1644112925114654723,Marco Mendicino,marcomendicino,politician,member of parliament,Liberal,party:Liberal,2023,2023-04-06T23:00:42.000000+0000,security issues faced by women in the north,FAVOR,1,NEUTRAL,This is the main subject of the post—the account thanks the organization for discussing these security problems—but the post reports on the discussion without arguing for or against any particular position on the issues themselves.,haiku-4-5,2026-09-14T23:58:47.820718+00:00,2,2,1.0
twitter,1693873134175478226,https://x.com/FrustIndian/status/1693873134175478226,The Frustrated Indian,FrustIndian,foreign,influencer,,type:foreign,2023,2023-08-22T06:30:00.000000+0000,india's chandrayaan 3 mission,NEUTRAL,1,NEUTRAL,"The post reports on backlash regarding remarks about the Chandrayaan 3 Mission. It announces the news without taking a position on the mission itself, only noting that someone faced backlash for their remarks about it.",haiku-4-5,2026-09-14T23:58:47.828411+00:00,1,1,1.0
twitter,1654957442500038656,https://x.com/MeghanEMurphy/status/1654957442500038656,Meghan Murphy,MeghanEMurphy,influencer,podcaster,PPC,party:PPC,2023,2023-05-06T21:12:56.000000+0000,subscription,FAVOR,0,NEUTRAL,"The post is a dismissive reply to another account about a subscription payment. The subscription itself is not what the post is about—the post's point is to brush off the other account's concern as trivial. The target is mentioned only as the object of a passing remark, not as something the post takes a position on.",haiku-4-5,2026-09-14T23:58:47.868832+00:00,1,1,1.0
twitter,1677086507000291330,https://x.com/AmarjeetSohiYEG/status/1677086507000291330,Amarjeet Sohi,AmarjeetSohiYEG,politician,head of municipal government,,type:politician,2023,2023-07-06T22:45:56.000000+0000,local indigenous communities,FAVOR,1,FAVOR,The post explicitly supports Indigenous-led businesses as a way to empower local Indigenous communities by creating entrepreneurial and employment opportunities. The account frames this as essential and positive.,haiku-4-5,2026-09-14T23:58:47.886609+00:00,8,2,4.0
twitter,1677086507000291330,https://x.com/AmarjeetSohiYEG/status/1677086507000291330,Amarjeet Sohi,AmarjeetSohiYEG,politician,head of municipal government,,type:politician,2023,2023-07-06T22:45:56.000000+0000,truth and reconciliation,FAVOR,1,FAVOR,"The post identifies supporting Indigenous-led businesses as an essential part of Edmonton's path towards truth and reconciliation, positioning this work as a positive contribution to that goal.",haiku-4-5,2026-09-14T23:58:47.886609+00:00,8,2,4.0
twitter,1652796621585805313,https://x.com/dominiccardy/status/1652796621585805313,Dominic Cardy,dominiccardy,politician,member of the provincial legislature,Independent,party:Independent,2023,2023-04-30T22:06:36.000000+0000,russia,AGAINST,1,AGAINST,"The post criticizes someone for visiting Russia on a tourist visa and speaking at an 'academic' event while visiting occupied Crimea, framing this as association with 'fascist apologists.' Russia is the subject of criticism here.",haiku-4-5,2026-09-14T23:58:48.002234+00:00,5,2,2.5
twitter,1652796621585805313,https://x.com/dominiccardy/status/1652796621585805313,Dominic Cardy,dominiccardy,politician,member of the provincial legislature,Independent,party:Independent,2023,2023-04-30T22:06:36.000000+0000,russian foreign policy,AGAINST,0,AGAINST,The post does not discuss Russian foreign policy itself; it criticizes an individual's travel to Russia and their participation in events there. The target is not what the post is about.,haiku-4-5,2026-09-14T23:58:48.002234+00:00,5,2,2.5
twitter,1647765755449180160,https://x.com/gbrarndp/status/1647765755449180160,Gurinder Brar,gbrarndp,politician,member of the provincial legislature,NDP,party:NDP,2023,2023-04-17T00:55:44.000000+0000,alberta ndp leader,FAVOR,1,FAVOR,"The post replies to a statement by the Alberta NDP leader (Rachel Notley) about holding a news conference and taking media questions. The reply endorses this as 'real leadership,' expressing support for the leader's approach.",haiku-4-5,2026-09-14T23:58:48.203662+00:00,4,2,2.0
twitter,1647765755449180160,https://x.com/gbrarndp/status/1647765755449180160,Gurinder Brar,gbrarndp,politician,member of the provincial legislature,NDP,party:NDP,2023,2023-04-17T00:55:44.000000+0000,alberta's oil and gas policy,NEUTRAL,0,NEUTRAL,"The post does not discuss or take a position on Alberta's oil and gas policy. It is a brief endorsement of the parent post's statement about leadership and media engagement, with no reference to energy policy.",haiku-4-5,2026-09-14T23:58:48.203662+00:00,4,2,2.0
twitter,1714746028702711862,https://x.com/mikeschreiner/status/1714746028702711862,Mike Schreiner,mikeschreiner,politician,member of the provincial legislature,Green,party:Green,2023,2023-10-18T20:51:26.000000+0000,the flour barrel,FAVOR,1,FAVOR,"The post explicitly names The Flour Barrel as one of the small businesses being celebrated during Small Business Week, presenting it positively as representing 'home'.",haiku-4-5,2026-09-14T23:58:48.979461+00:00,4,2,2.0
twitter,1714746028702711862,https://x.com/mikeschreiner/status/1714746028702711862,Mike Schreiner,mikeschreiner,politician,member of the provincial legislature,Green,party:Green,2023,2023-10-18T20:51:26.000000+0000,the.refill.bar,FAVOR,1,FAVOR,"The post explicitly names The Refill Bar as one of the small businesses being celebrated during Small Business Week, presenting it positively as representing 'home'.",haiku-4-5,2026-09-14T23:58:48.979461+00:00,4,2,2.0
twitter,1706760858414764413,https://x.com/jasrajshallan/status/1706760858414764413,Jasraj Singh Hallan,jasrajshallan,politician,member of parliament,Conservative,party:Conservative,2023,2023-09-26T20:01:13.000000+0000,investment,AGAINST,1,AGAINST,"The post criticizes the NDP-Liberals for pushing investment into other countries rather than Canada, and calls to 'reopen Canada for business' to attract investment. Investment in Canada is the core subject.",haiku-4-5,2026-09-14T23:58:49.049571+00:00,9,2,4.5
twitter,1706760858414764413,https://x.com/jasrajshallan/status/1706760858414764413,Jasraj Singh Hallan,jasrajshallan,politician,member of parliament,Conservative,party:Conservative,2023,2023-09-26T20:01:13.000000+0000,labor market expansion,FAVOR,1,FAVOR,"The post argues that current policies deprive Canadians of job opportunities and calls for changes to enable growth, implicitly advocating for labor market expansion as a solution.",haiku-4-5,2026-09-14T23:58:49.049571+00:00,9,2,4.5
twitter,1720932000515621096,https://x.com/yfblanchet/status/1720932000515621096,Yves-François Blanchet,yfblanchet,politician,member of parliament,Bloc Québécois,party:Bloc Québécois,2023,2023-11-04T22:32:16.000000+0000,industry,FAVOR,1,NEUTRAL,"The post discusses how the industry has changed over time, sometimes for better and sometimes not, and calls for negotiated agreements and maintaining French language mandates. The post reports on the industry's evolution without taking a clear position for or against it.",haiku-4-5,2026-09-14T23:58:49.088451+00:00,1,1,1.0
twitter,1717152858599026821,https://x.com/trudel_denis/status/1717152858599026821,Denis Trudel,trudel_denis,politician,member of parliament,Bloc Québécois,party:Bloc Québécois,2023,2023-10-25T12:15:19.000000+0000,federal tax legislation,NEUTRAL,0,NEUTRAL,"The post does not discuss tax legislation. It makes a general criticism of Trudeau's management of the country, without engaging with any specific policy area like taxation.",haiku-4-5,2026-09-14T23:58:49.462607+00:00,5,2,2.5
twitter,1717152858599026821,https://x.com/trudel_denis/status/1717152858599026821,Denis Trudel,trudel_denis,politician,member of parliament,Bloc Québécois,party:Bloc Québécois,2023,2023-10-25T12:15:19.000000+0000,government funding laws,NEUTRAL,0,NEUTRAL,"The post does not discuss funding laws. It is a broad critique of Trudeau's governance, not an engagement with any specific legislation or policy mechanism.",haiku-4-5,2026-09-14T23:58:49.462607+00:00,5,2,2.5
twitter,1732044982121599268,https://x.com/maximebernier/status/1732044982121599268,Maxime Bernier,maximebernier,influencer,commentator,PPC,party:PPC,2023,2023-12-05T14:31:18.000000+0000,liberal policies,AGAINST,1,AGAINST,"The post explicitly argues against Liberal policies, positioning them as something voters should want to get rid of and contrasting them with the PPC alternative.",haiku-4-5,2026-09-14T23:58:49.537752+00:00,3,2,1.5
twitter,1732044982121599268,https://x.com/maximebernier/status/1732044982121599268,Maxime Bernier,maximebernier,influencer,commentator,PPC,party:PPC,2023,2023-12-05T14:31:18.000000+0000,ppc,FAVOR,1,FAVOR,"The post advocates voting for the PPC as the solution to eliminate both Trudeau and Liberal policies, presenting it as the preferred choice for voters.",haiku-4-5,2026-09-14T23:58:49.537752+00:00,3,2,1.5
twitter,1719770124775731573,https://x.com/kevinvuongmp/status/1719770124775731573,Kevin Vuong,kevinvuongmp,politician,member of parliament,Independent,party:Independent,2023,2023-11-01T17:35:24.000000+0000,children,FAVOR,1,FAVOR,"The post invokes children as the vulnerable group being endangered by the respite site decision, framing their safety and protection as the priority.",haiku-4-5,2026-09-14T23:58:49.917795+00:00,3,2,1.5
twitter,1719770124775731573,https://x.com/kevinvuongmp/status/1719770124775731573,Kevin Vuong,kevinvuongmp,politician,member of parliament,Independent,party:Independent,2023,2023-11-01T17:35:24.000000+0000,undemocratic decision,AGAINST,1,AGAINST,"The post explicitly criticizes the decision as 'undemocratic' and 'dangerous,' directly opposing it and calling for action against it.",haiku-4-5,2026-09-14T23:58:49.917795+00:00,3,2,1.5
twitter,1733523979837563353,https://x.com/rouleauchantal/status/1733523979837563353,Chantal Rouleau,rouleauchantal,politician,member of the provincial legislature,Coalition avenir Québec,party:Other party,2023,2023-12-09T16:28:18.000000+0000,health,FAVOR,1,FAVOR,"The post celebrates the adoption of Bill 15 (PL15) as a historic achievement in healthcare reform, praising concrete improvements to the health system's accessibility and efficiency.",haiku-4-5,2026-09-14T23:58:50.189303+00:00,4,2,2.0
twitter,1733523979837563353,https://x.com/rouleauchantal/status/1733523979837563353,Chantal Rouleau,rouleauchantal,politician,member of the provincial legislature,Coalition avenir Québec,party:Other party,2023,2023-12-09T16:28:18.000000+0000,senior healthcare access,FAVOR,0,NEUTRAL,"While the post discusses healthcare access broadly, it does not specifically address seniors or senior-specific healthcare access; the improvements listed apply to healthcare access generally.",haiku-4-5,2026-09-14T23:58:50.189303+00:00,4,2,2.0
twitter,1728170468887417037,https://x.com/CaptainC63/status/1728170468887417037,CaptainC63,CaptainC63,influencer,commentator,,type:influencer,2023,2023-11-24T21:55:22.000000+0000,big,FAVOR,0,NEUTRAL,The word 'big' is an adverb modifying 'win' and is not a subject the post takes a position on. It is part of the phrasing rather than a target of stance.,haiku-4-5,2026-09-14T23:58:50.353193+00:00,2,2,1.0
twitter,1728170468887417037,https://x.com/CaptainC63/status/1728170468887417037,CaptainC63,CaptainC63,influencer,commentator,,type:influencer,2023,2023-11-24T21:55:22.000000+0000,ivisonj,FAVOR,0,NEUTRAL,This is a Twitter handle being addressed in a reply. The post is not about the account holder; it is a conversational tag with no substantive content about them.,haiku-4-5,2026-09-14T23:58:50.353193+00:00,2,2,1.0
twitter,1740180372057702603,https://x.com/LukaszukAB/status/1740180372057702603,Thomas Lukaszuk,LukaszukAB,influencer,party apparatus,Progressive Conservative,party:Conservative,2023,2023-12-28T01:18:26.000000+0000,egypt,NEUTRAL,1,NEUTRAL,Egypt is mentioned as the origin point for humanitarian aid containers being negotiated for passage to Gaza. The post reports this logistical detail without taking a position on Egypt itself.,haiku-4-5,2026-09-14T23:58:50.823091+00:00,2,2,1.0
twitter,1740180372057702603,https://x.com/LukaszukAB/status/1740180372057702603,Thomas Lukaszuk,LukaszukAB,influencer,party apparatus,Progressive Conservative,party:Conservative,2023,2023-12-28T01:18:26.000000+0000,humanitarian aid,FAVOR,1,FAVOR,The post frames negotiating safe passage for humanitarian aid containers as a meaningful challenge the author is undertaking. The framing presents this work positively as part of the author's efforts to help.,haiku-4-5,2026-09-14T23:58:50.823091+00:00,2,2,1.0
twitter,1750220348929532116,https://x.com/Bryan4Langara/status/1750220348929532116,Bryan Breguet,Bryan4Langara,politician,non-incumbent candidate,Conservative,party:Conservative,2024,2024-01-24T18:13:43.000000+0000,people online,AGAINST,1,AGAINST,"The post criticizes 'terminally online opinion' and calls such takes 'delusional,' directly attacking people who complain about streaming services online.",haiku-4-5,2026-09-14T23:58:50.830844+00:00,2,2,1.0
twitter,1750220348929532116,https://x.com/Bryan4Langara/status/1750220348929532116,Bryan Breguet,Bryan4Langara,politician,non-incumbent candidate,Conservative,party:Conservative,2024,2024-01-24T18:13:43.000000+0000,reddit,NEUTRAL,1,AGAINST,"The post uses Reddit as a dismissive comparison, suggesting that delusional takes belong there rather than on the current platform, implying Reddit is where bad opinions go.",haiku-4-5,2026-09-14T23:58:50.830844+00:00,2,2,1.0
twitter,1750606737508585679,https://x.com/KenSimCity/status/1750606737508585679,Ken Sim,KenSimCity,politician,head of municipal government,,type:politician,2024,2024-01-25T19:49:05.000000+0000,quebec media policies,NEUTRAL,0,NEUTRAL,The post is about Vancouver's parks and recreation transition working group and makes no mention of Quebec media policies. This target appears to be an extraction error unrelated to the post's content.,haiku-4-5,2026-09-14T23:58:50.927464+00:00,9,2,4.5
twitter,1750606737508585679,https://x.com/KenSimCity/status/1750606737508585679,Ken Sim,KenSimCity,politician,head of municipal government,,type:politician,2024,2024-01-25T19:49:05.000000+0000,transition working group,FAVOR,1,FAVOR,"The post introduces and promotes the Transition Working Group, describing it as 'terrific' and expressing enthusiasm about its work on Vancouver's parks and recreation.",haiku-4-5,2026-09-14T23:58:50.927464+00:00,9,2,4.5
twitter,1753057086433284334,https://x.com/manonmasse_qs/status/1753057086433284334,Manon Massé,manonmasse_qs,politician,member of the provincial legislature,Québec solidaire,party:Other party,2024,2024-02-01T14:05:54.000000+0000,a non-binary person,FAVOR,1,FAVOR,"The post welcomes a non-binary person to parliament and uses their presence to advocate for correct gender markers on identification documents, positioning them as the subject of a sympathetic argument.",haiku-4-5,2026-09-14T23:58:51.293098+00:00,2,2,1.0
twitter,1753057086433284334,https://x.com/manonmasse_qs/status/1753057086433284334,Manon Massé,manonmasse_qs,politician,member of the provincial legislature,Québec solidaire,party:Other party,2024,2024-02-01T14:05:54.000000+0000,parliamentarians,NEUTRAL,1,NEUTRAL,"The post invites parliamentarians to meet the non-binary person, but takes no position on parliamentarians themselves—they are the audience being asked to engage with the issue.",haiku-4-5,2026-09-14T23:58:51.293098+00:00,2,2,1.0
twitter,1770541637350912096,https://x.com/maximebernier/status/1770541637350912096,Maxime Bernier,maximebernier,influencer,commentator,PPC,party:PPC,2024,2024-03-20T20:03:16.000000+0000,child abuse,AGAINST,1,FAVOR,"The post frames gender-affirming medical care for children as 'criminal' and 'mutilation,' characterizing it as abuse that needs to be stopped. The post's argument is that this practice constitutes child abuse.",haiku-4-5,2026-09-14T23:58:51.525099+00:00,6,2,3.0
twitter,1770541637350912096,https://x.com/maximebernier/status/1770541637350912096,Maxime Bernier,maximebernier,influencer,commentator,PPC,party:PPC,2024,2024-03-20T20:03:16.000000+0000,child protection policies,FAVOR,1,FAVOR,"The post advocates for policies that would prevent gender-affirming medical care for children, framing such protection as necessary. The post supports stricter child protection in this area.",haiku-4-5,2026-09-14T23:58:51.525099+00:00,6,2,3.0
twitter,1775165066880635335,https://x.com/jodi_stonehouse/status/1775165066880635335,Jodi Calahoo Stonehouse,jodi_stonehouse,politician,member of the provincial legislature,NDP,party:NDP,2024,2024-04-02T14:15:07.000000+0000,alberta's oil and gas policy,NEUTRAL,0,NEUTRAL,"The post does not discuss or take a position on oil and gas policy. It is a general statement about endorsement and commitment to positive change and democratic values, with no mention of energy policy.",haiku-4-5,2026-09-14T23:58:51.743903+00:00,6,2,3.0
twitter,1775165066880635335,https://x.com/jodi_stonehouse/status/1775165066880635335,Jodi Calahoo Stonehouse,jodi_stonehouse,politician,member of the provincial legislature,NDP,party:NDP,2024,2024-04-02T14:15:07.000000+0000,the well-being of all albertans,FAVOR,1,FAVOR,"The post explicitly names advocating for the well-being of all Albertans as a core commitment, positioning it as something the account supports and will work toward.",haiku-4-5,2026-09-14T23:58:51.743903+00:00,6,2,3.0
twitter,1781744671959486785,https://x.com/TonyVanBynen/status/1781744671959486785,Tony Van Bynen,TonyVanBynen,politician,member of parliament,Liberal,party:Liberal,2024,2024-04-20T18:00:07.000000+0000,bahá'í community,FAVOR,1,FAVOR,"The post is directly about the Bahá'í community's celebration of Ridván, and the author extends joyful wishes to those celebrating, expressing support and goodwill.",haiku-4-5,2026-09-14T23:58:52.017077+00:00,6,2,3.0
twitter,1781744671959486785,https://x.com/TonyVanBynen/status/1781744671959486785,Tony Van Bynen,TonyVanBynen,politician,member of parliament,Liberal,party:Liberal,2024,2024-04-20T18:00:07.000000+0000,métis community,NEUTRAL,0,NEUTRAL,"The Métis community is not mentioned or discussed in the post, which focuses entirely on the Bahá'í community and their festival.",haiku-4-5,2026-09-14T23:58:52.017077+00:00,6,2,3.0
twitter,1778894891180814441,https://x.com/seanfrasermp/status/1778894891180814441,Sean Fraser,seanfrasermp,politician,member of parliament,Liberal,party:Liberal,2024,2024-04-12T21:16:06.000000+0000,government's housing plan,FAVOR,1,FAVOR,The post praises the housing plan as something that will help solve the housing crisis and credits it as stronger due to the caucus chair's contributions.,haiku-4-5,2026-09-14T23:58:52.213794+00:00,2,2,1.0
twitter,1778894891180814441,https://x.com/seanfrasermp/status/1778894891180814441,Sean Fraser,seanfrasermp,politician,member of parliament,Liberal,party:Liberal,2024,2024-04-12T21:16:06.000000+0000,housing crisis,FAVOR,1,FAVOR,The post frames solving the housing crisis as a positive goal and endorses the plan as a means to address it.,haiku-4-5,2026-09-14T23:58:52.213794+00:00,2,2,1.0
twitter,1784578103999672380,https://x.com/sbergeron/status/1784578103999672380,Stéphane Bergeron,sbergeron,politician,member of parliament,Bloc Québécois,party:Bloc Québécois,2024,2024-04-28T13:39:10.000000+0000,referendums,FAVOR,1,FAVOR,"The post contrasts how people elsewhere are happy to be asked their opinion (via referendums) with Canada's apparent resistance to them, framing referendums positively and questioning why Canada rejects them. The post advocates for referendums as a democratic practice.",haiku-4-5,2026-09-14T23:58:52.325459+00:00,1,1,1.0
twitter,1804320219382288596,https://x.com/_marksutcliffe/status/1804320219382288596,Mark Sutcliffe,_marksutcliffe,politician,head of municipal government,,type:politician,2024,2024-06-22T01:07:17.000000+0000,key to the city,FAVOR,1,FAVOR,"The post awards this honour to Team Homan and describes it as 'the highest honour in Ottawa,' presenting it as a prestigious recognition the account is proud to bestow.",haiku-4-5,2026-09-14T23:58:52.341103+00:00,1,1,1.0
twitter,1798774377787609439,https://x.com/dshepyeg/status/1798774377787609439,David Shepherd,dshepyeg,politician,member of the provincial legislature,NDP,party:NDP,2024,2024-06-06T17:50:05.000000+0000,bowness community association,NEUTRAL,1,NEUTRAL,"The post lists the Bowness Community Association as one of the water wagon locations. It is mentioned as a factual location in an informational update, with no stance taken on the organization itself.",haiku-4-5,2026-09-14T23:58:52.562892+00:00,2,2,1.0
twitter,1798774377787609439,https://x.com/dshepyeg/status/1798774377787609439,David Shepherd,dshepyeg,politician,member of the provincial legislature,NDP,party:NDP,2024,2024-06-06T17:50:05.000000+0000,water wagon,NEUTRAL,1,NEUTRAL,The post is an informational update providing locations where water wagons are available. It reports on the service without taking a position for or against it.,haiku-4-5,2026-09-14T23:58:52.562892+00:00,2,2,1.0
twitter,1798778535001379056,https://x.com/renevillemure/status/1798778535001379056,René Villemure,renevillemure,politician,member of parliament,Bloc Québécois,party:Bloc Québécois,2024,2024-06-06T18:06:37.000000+0000,foreign interference,AGAINST,1,AGAINST,"The post criticizes existing mechanisms that prevent disclosure of information about foreign interference, arguing they should be modified and that security cannot be used as a blanket excuse. This is a call for greater transparency on the issue, implying the current handling of foreign interference is inadequate.",haiku-4-5,2026-09-14T23:58:52.582611+00:00,1,1,1.0
twitter,1832008225719239068,https://x.com/camaradamachado/status/1832008225719239068,Raphael Machado,camaradamachado,foreign,influencer,,type:foreign,2024,2024-09-06T10:49:32.000000+0000,little,NEUTRAL,0,NEUTRAL,"The word 'little' (pouco) appears in the Portuguese text as part of the phrase 'pouco a pouco' (little by little/gradually), which is an idiomatic expression about the pace of return migration. It is not a subject the post takes a position on, merely a word fragment extracted from a colloquial phrase.",haiku-4-5,2026-09-14T23:58:52.985016+00:00,1,1,1.0
twitter,1832109820343881747,https://x.com/stillgray/status/1832109820343881747,Ian Miles Cheong,stillgray,foreign,journalist,,type:foreign,2024,2024-09-06T17:33:14.000000+0000,lab grown meat,AGAINST,1,AGAINST,"The post directly criticizes lab-grown meat, characterizing it as something nobody wanted and expressing skepticism about its market viability.",haiku-4-5,2026-09-14T23:58:53.606914+00:00,4,2,2.0
twitter,1832109820343881747,https://x.com/stillgray/status/1832109820343881747,Ian Miles Cheong,stillgray,foreign,journalist,,type:foreign,2024,2024-09-06T17:33:14.000000+0000,nobody asked,AGAINST,0,NEUTRAL,"This is a fragment of the author's rhetorical phrasing rather than a distinct target the post takes a position on; it is part of the argument against lab-grown meat, not a separate subject.",haiku-4-5,2026-09-14T23:58:53.606914+00:00,4,2,2.0
twitter,1841653114367254963,https://x.com/MCurranBCGreens/status/1841653114367254963,Maureen Curran,MCurranBCGreens,politician,non-incumbent candidate,Green,party:Green,2024,2024-10-03T01:34:53.000000+0000,indigenous people,FAVOR,1,FAVOR,"The post specifically mentions dedicating 3,000 of the 26,000 housing units for Indigenous people as part of the Greens' housing policy, presenting this as a positive commitment.",haiku-4-5,2026-09-14T23:58:53.975508+00:00,5,2,2.5
twitter,1841653114367254963,https://x.com/MCurranBCGreens/status/1841653114367254963,Maureen Curran,MCurranBCGreens,politician,non-incumbent candidate,Green,party:Green,2024,2024-10-03T01:34:53.000000+0000,non-market housing,FAVOR,1,FAVOR,"The post promotes the Greens' plan to earmark $1.5 billion annually to construct 26,000 units of non-market housing, advocating for this policy as part of their platform.",haiku-4-5,2026-09-14T23:58:53.975508+00:00,5,2,2.5
twitter,1845878622449815573,https://x.com/mylifeinthechi/status/1845878622449815573,MyLifeInTheChi,mylifeinthechi,influencer,commentator,,type:influencer,2024,2024-10-14T17:25:33.000000+0000,always,NEUTRAL,0,NEUTRAL,The word 'always' does not appear in the post text and is not a subject the post discusses or takes a position on.,haiku-4-5,2026-09-14T23:58:53.982734+00:00,2,2,1.0
twitter,1845878622449815573,https://x.com/mylifeinthechi/status/1845878622449815573,MyLifeInTheChi,mylifeinthechi,influencer,commentator,,type:influencer,2024,2024-10-14T17:25:33.000000+0000,burned alive,AGAINST,1,AGAINST,"The post reports that children were burned alive and that 'they' applauded this, presenting it as a condemnable atrocity. The post's stance is clearly against this act.",haiku-4-5,2026-09-14T23:58:53.982734+00:00,2,2,1.0
twitter,1836786388185874451,https://x.com/sjb_caq/status/1836786388185874451,Simon Jolin-Barrette,sjb_caq,politician,member of the provincial legislature,Coalition avenir Québec,party:Other party,2024,2024-09-19T15:16:15.000000+0000,quebec,AGAINST,1,FAVOR,"The post defends Quebec's jurisdictional autonomy against federal interference, positioning Quebec's interests as paramount and criticizing the Quebec Liberal Party for prioritizing the federal Liberal Party over Quebec.",haiku-4-5,2026-09-14T23:58:54.051943+00:00,8,2,4.0
twitter,1836786388185874451,https://x.com/sjb_caq/status/1836786388185874451,Simon Jolin-Barrette,sjb_caq,politician,member of the provincial legislature,Coalition avenir Québec,party:Other party,2024,2024-09-19T15:16:15.000000+0000,trudeau's cabinet decisions,AGAINST,1,AGAINST,"The post criticizes Justin Trudeau and his government for interfering in Quebec's areas of jurisdiction, accusing the Quebec Liberals of protecting him and inviting his interference.",haiku-4-5,2026-09-14T23:58:54.051943+00:00,8,2,4.0
twitter,1876821910887018800,https://x.com/gfchartier/status/1876821910887018800,Georges Chartier,gfchartier,politician,non-incumbent provincial candidate,Coalition avenir Québec,party:Other party,2025,2025-01-08T02:43:07.000000+0000,medicated,NEUTRAL,0,NEUTRAL,"The target 'medicated' is a fragment from the parent post's description of emergency room care, but the reply itself is simply a brief well-wishes message ('Bon rétablissement') that does not engage with or take a position on medication or any aspect of the parent's experience.",haiku-4-5,2026-09-14T23:58:54.060010+00:00,1,1,1.0
twitter,1845522331676094600,https://x.com/BakerforBCmla/status/1845522331676094600,Mitchell Baker,BakerforBCmla,politician,non-incumbent candidate,Independent,party:Independent,2024,2024-10-13T17:49:46.000000+0000,north vancouver-seymour,NEUTRAL,1,NEUTRAL,"The post is a candidate statement for this riding, identifying it as the electoral context. The post takes no position on the riding itself, only on the candidate's approach to governance.",haiku-4-5,2026-09-14T23:58:54.370711+00:00,4,2,2.0
twitter,1845522331676094600,https://x.com/BakerforBCmla/status/1845522331676094600,Mitchell Baker,BakerforBCmla,politician,non-incumbent candidate,Independent,party:Independent,2024,2024-10-13T17:49:46.000000+0000,quebec media policies,NEUTRAL,0,NEUTRAL,"This target does not appear in the post and is not what the post is about. The post concerns the candidate's independent campaign platform in a B.C. riding, with no mention of Quebec or media policy.",haiku-4-5,2026-09-14T23:58:54.370711+00:00,4,2,2.0
twitter,1883064297447624859,https://x.com/jeanyip3/status/1883064297447624859,Jean Yip,jeanyip3,politician,member of parliament,Liberal,party:Liberal,2025,2025-01-25T08:08:08.000000+0000,meet and greet,FAVOR,1,FAVOR,"The post describes the meet and greet as having 'a great turnout' and reports positively on the event, presenting it as a successful gathering where people were happy to chat.",haiku-4-5,2026-09-14T23:58:54.486194+00:00,3,2,1.5
twitter,1883064297447624859,https://x.com/jeanyip3/status/1883064297447624859,Jean Yip,jeanyip3,politician,member of parliament,Liberal,party:Liberal,2025,2025-01-25T08:08:08.000000+0000,the fries,FAVOR,0,NEUTRAL,The fries are mentioned only as a passing detail about food at the venue; the post takes no position on fries themselves and they are not what the post is about.,haiku-4-5,2026-09-14T23:58:54.486194+00:00,3,2,1.5
twitter,1886812165480333826,https://x.com/dominiccardy/status/1886812165480333826,Dominic Cardy,dominiccardy,politician,member of the provincial legislature,Independent,party:Independent,2025,2025-02-04T16:20:50.000000+0000,foreign aid,FAVOR,1,FAVOR,"The post defends foreign aid as vital to national security and economic interests, quoting Reagan to argue against those who oppose it.",haiku-4-5,2026-09-14T23:58:54.563796+00:00,3,2,1.5
twitter,1886812165480333826,https://x.com/dominiccardy/status/1886812165480333826,Dominic Cardy,dominiccardy,politician,member of the provincial legislature,Independent,party:Independent,2025,2025-02-04T16:20:50.000000+0000,maga,AGAINST,1,AGAINST,"The post contrasts MAGA unfavorably with Reagan's understanding, implying MAGA lacks Reagan's wisdom on foreign aid.",haiku-4-5,2026-09-14T23:58:54.563796+00:00,3,2,1.5
twitter,1924978796588830765,https://x.com/CamGuthrie/status/1924978796588830765,Cam Guthrie,CamGuthrie,politician,head of municipal government,,type:politician,2025,2025-05-21T00:01:24.000000+0000,children,FAVOR,1,FAVOR,"The post announces that kids 5-12 qualify for free transit, presenting this as a benefit. The account is promoting this policy positively.",haiku-4-5,2026-09-14T23:58:55.412909+00:00,2,2,1.0
twitter,1924978796588830765,https://x.com/CamGuthrie/status/1924978796588830765,Cam Guthrie,CamGuthrie,politician,head of municipal government,,type:politician,2025,2025-05-21T00:01:24.000000+0000,senior card,FAVOR,1,FAVOR,"The post announces that seniors are free with an OnYourWay Card on Thursdays, presenting this as a benefit. The account is promoting this policy positively.",haiku-4-5,2026-09-14T23:58:55.412909+00:00,2,2,1.0
twitter,1931025192559517902,https://x.com/johnbrassardcpc/status/1931025192559517902,John Brassard,johnbrassardcpc,politician,member of parliament,Conservative,party:Conservative,2025,2025-06-06T16:27:37.000000+0000,their sacrifice,FAVOR,0,NEUTRAL,"The phrase 'their sacrifice' is vague and lacks specific referent in the post text itself. Without context about who 'they' are or what sacrifice is being referenced, this is too abstract and unclear to constitute a coherent subject the post takes a position on.",haiku-4-5,2026-09-14T23:58:55.480167+00:00,1,1,1.0
twitter,1910419372088451332,https://x.com/cmarkevichgpc/status/1910419372088451332,Chris Markevich,cmarkevichgpc,politician,non-incumbent parliamentary candidate,Green,party:Green,2025,2025-04-10T19:47:26.000000+0000,cards,FAVOR,0,NEUTRAL,"The post mentions voter information cards as a practical detail about the election process, but the post is not about cards themselves—it is about voter registration and election logistics. The card is incidental to the post's purpose of reminding people to check their voting information.",haiku-4-5,2026-09-14T23:58:55.547413+00:00,5,2,2.5
twitter,1910419372088451332,https://x.com/cmarkevichgpc/status/1910419372088451332,Chris Markevich,cmarkevichgpc,politician,non-incumbent parliamentary candidate,Green,party:Green,2025,2025-04-10T19:47:26.000000+0000,voter rights,FAVOR,1,FAVOR,"The post promotes voter participation and access to voting information, supporting the right to vote. The hashtag #ItsOurVote and the entire message encourage people to exercise their voting rights.",haiku-4-5,2026-09-14T23:58:55.547413+00:00,5,2,2.5
twitter,1914807548676366842,https://x.com/greenpartybruno/status/1914807548676366842,Bruno Sousa,greenpartybruno,politician,non-incumbent parliamentary candidate,Green,party:Green,2025,2025-04-22T22:24:29.000000+0000,election access,FAVOR,0,NEUTRAL,"The post does not discuss election access. The phrase 'make your voice heard' is about representation and engagement, not about access to voting or elections themselves.",haiku-4-5,2026-09-14T23:58:55.629595+00:00,5,2,2.5
twitter,1914807548676366842,https://x.com/greenpartybruno/status/1914807548676366842,Bruno Sousa,greenpartybruno,politician,non-incumbent parliamentary candidate,Green,party:Green,2025,2025-04-22T22:24:29.000000+0000,green party,FAVOR,1,FAVOR,"The post is the Green Party candidate promoting the party's 2025 election platform, describing it as offering 'true change, real reform, and policies that leave no one behind,' which is clearly endorsement.",haiku-4-5,2026-09-14T23:58:55.629595+00:00,5,2,2.5
twitter,1947068000496128116,https://x.com/JeffG4PPC/status/1947068000496128116,Jeff Galbraith,JeffG4PPC,politician,non-incumbent parliamentary candidate,PPC,party:PPC,2025,2025-07-20T22:56:00.000000+0000,government revenue models,NEUTRAL,1,AGAINST,"The post replies to a parent that rejects taxes as a revenue model, proposing dividend cheques instead. The account's agreement ('Exactly… Absolutely…') endorses this alternative to the current government revenue model.",haiku-4-5,2026-09-14T23:58:56.167552+00:00,5,2,2.5
twitter,1947068000496128116,https://x.com/JeffG4PPC/status/1947068000496128116,Jeff Galbraith,JeffG4PPC,politician,non-incumbent parliamentary candidate,PPC,party:PPC,2025,2025-07-20T22:56:00.000000+0000,tax revenue generation,NEUTRAL,1,AGAINST,The parent post explicitly opposes taxes and the account's affirmation of that position indicates opposition to tax revenue generation as the current model.,haiku-4-5,2026-09-14T23:58:56.167552+00:00,5,2,2.5
twitter,1957544582633140529,https://x.com/MaxBlumenthal/status/1957544582633140529,Max Blumenthal,MaxBlumenthal,foreign,journalist,,type:foreign,2025,2025-08-18T20:46:12.000000+0000,genocide,AGAINST,1,AGAINST,"The post characterizes events in Gaza as 'the Holocaust of our time' and accuses media figures of 'manufacturing consent for' it, taking a clear stance against genocide.",haiku-4-5,2026-09-14T23:58:56.279628+00:00,3,2,1.5
twitter,1957544582633140529,https://x.com/MaxBlumenthal/status/1957544582633140529,Max Blumenthal,MaxBlumenthal,foreign,journalist,,type:foreign,2025,2025-08-18T20:46:12.000000+0000,palestine,NEUTRAL,1,FAVOR,The parent post references 'Don't Feed the Palestinians' and the post defends Palestinians by criticizing media figures who have failed to hold Israel accountable for actions in Gaza.,haiku-4-5,2026-09-14T23:58:56.279628+00:00,3,2,1.5
twitter,1986161053097476252,https://x.com/SengerBrittney1/status/1986161053097476252,Brittney Senger,SengerBrittney1,politician,member of the provincial legislature,NDP,party:NDP,2025,2025-11-05T19:57:50.000000+0000,housing affordability,FAVOR,1,FAVOR,"The parent post frames rent control as a response to housing affordability concerns, and this reply engages with that petition effort by naming the signatories, implicitly supporting the petition's purpose.",haiku-4-5,2026-09-14T23:58:56.351567+00:00,2,2,1.0
twitter,1986161053097476252,https://x.com/SengerBrittney1/status/1986161053097476252,Brittney Senger,SengerBrittney1,politician,member of the provincial legislature,NDP,party:NDP,2025,2025-11-05T19:57:50.000000+0000,rent control,FAVOR,1,FAVOR,"The parent post presents rent control as a solution to affordability problems, and this reply supports the petition for rent control by identifying which municipalities have signed on.",haiku-4-5,2026-09-14T23:58:56.351567+00:00,2,2,1.0
twitter,1972813722650628142,https://x.com/yfblanchet/status/1972813722650628142,Yves-François Blanchet,yfblanchet,politician,member of parliament,Bloc Québécois,party:Bloc Québécois,2025,2025-09-30T00:00:19.000000+0000,carbon tax implementation,FAVOR,1,FAVOR,"The post replies to criticism of carbon pricing by defending climate action as necessary and cost-effective. It argues that inaction on climate change is more costly than carbon pricing, implicitly supporting carbon tax implementation as part of climate response.",haiku-4-5,2026-09-14T23:58:56.540805+00:00,5,2,2.5
twitter,1972813722650628142,https://x.com/yfblanchet/status/1972813722650628142,Yves-François Blanchet,yfblanchet,politician,member of parliament,Bloc Québécois,party:Bloc Québécois,2025,2025-09-30T00:00:19.000000+0000,carbon tax policy,FAVOR,1,FAVOR,"The post defends climate action policy against the parent's criticism of carbon taxes, arguing that climate denial is expensive and that climate action (including carbon pricing) is necessary and justified.",haiku-4-5,2026-09-14T23:58:56.540805+00:00,5,2,2.5
twitter,1994137492778254409,https://x.com/ewansauves/status/1994137492778254409,Ewan Sauves,ewansauves,influencer,party apparatus,Coalition Avenir Quebec,party:Other party,2025,2025-11-27T20:13:22.000000+0000,boisaco,NEUTRAL,1,FAVOR,"The post states that Boisaco felt the willingness of François Legault to help the industry, presenting this positively as a benefit to Boisaco.",haiku-4-5,2026-09-14T23:58:57.081786+00:00,1,1,1.0
twitter,1987266983281500580,https://x.com/FringedCanuck/status/1987266983281500580,Salty Canuck,FringedCanuck,influencer,commentator,,type:influencer,2025,2025-11-08T21:12:25.000000+0000,small accounts,FAVOR,1,FAVOR,"The post directly endorses small accounts, describing them as 'the life blood of X' with a heart emoji, expressing strong support for their value and importance.",haiku-4-5,2026-09-14T23:58:57.478065+00:00,1,1,1.0
twitter,2031908868612374649,https://x.com/jodi_stonehouse/status/2031908868612374649,Jodi Calahoo Stonehouse,jodi_stonehouse,politician,member of the provincial legislature,Alberta New Democratic Party,party:NDP,2026,2026-03-12T01:43:19.000000+0000,separatists,AGAINST,1,AGAINST,"The post advises people to deny being separatists, implying separatism is something to distance oneself from. This signals opposition to separatism and separatists.",haiku-4-5,2026-09-14T23:58:57.535282+00:00,1,1,1.0
twitter,2010095546187555252,https://x.com/elizabethmay/status/2010095546187555252,Elizabeth May,elizabethmay,politician,member of parliament,Green,party:Green,2026,2026-01-10T21:04:58.000000+0000,gaza relief,FAVOR,1,FAVOR,"The post extensively documents the humanitarian crisis in Gaza and criticizes Israel's restrictions on aid organizations, implicitly advocating for the need for Gaza relief efforts.",haiku-4-5,2026-09-14T23:58:57.599616+00:00,5,2,2.5
twitter,2010095546187555252,https://x.com/elizabethmay/status/2010095546187555252,Elizabeth May,elizabethmay,politician,member of parliament,Green,party:Green,2026,2026-01-10T21:04:58.000000+0000,israel,AGAINST,1,AGAINST,"The post systematically documents Israeli military actions—bombing, killing civilians, expanding control, demolishing structures, restricting aid—and concludes that Israel has 'continued to kill and displace the population' in violation of the ceasefire.",haiku-4-5,2026-09-14T23:58:57.599616+00:00,5,2,2.5
twitter,2014434861293920397,https://x.com/christinenorm/status/2014434861293920397,Christine Normandin,christinenorm,politician,member of parliament,Bloc Québécois,party:Bloc Québécois,2026,2026-01-22T20:27:51.000000+0000,nouvel france,NEUTRAL,0,NEUTRAL,The target appears to be a garbled or truncated version of 'Nouvelle-France' from the parent post. The post itself does not discuss New France; it criticizes misrepresentation of Quebec's history and identity.,haiku-4-5,2026-09-14T23:58:57.619879+00:00,8,2,4.0
twitter,2014434861293920397,https://x.com/christinenorm/status/2014434861293920397,Christine Normandin,christinenorm,politician,member of parliament,Bloc Québécois,party:Bloc Québécois,2026,2026-01-22T20:27:51.000000+0000,quebec,AGAINST,1,FAVOR,"The post defends Quebec's history and identity against what it characterizes as gross ignorance or deliberate rewriting, implicitly supporting Quebec's right to accurate representation of its past.",haiku-4-5,2026-09-14T23:58:57.619879+00:00,8,2,4.0
twitter,2016684915157586126,https://x.com/JasonLavigneAB/status/2016684915157586126,Jason Lavigne,JasonLavigneAB,influencer,commentator,PPC,party:PPC,2026,2026-01-29T01:28:46.000000+0000,dan hartman,FAVOR,1,FAVOR,"The post directly asks for help to support Dan Hartman in finding #Justice4Sean, positioning him as someone the account endorses and wants others to assist.",haiku-4-5,2026-09-14T23:58:57.991614+00:00,2,2,1.0
twitter,2016684915157586126,https://x.com/JasonLavigneAB/status/2016684915157586126,Jason Lavigne,JasonLavigneAB,influencer,commentator,PPC,party:PPC,2026,2026-01-29T01:28:46.000000+0000,government,AGAINST,1,AGAINST,"The post frames the government as an adversary trying to provoke ('wants us to snap') and calls for people to demonstrate opposition to it, expressing a critical stance.",haiku-4-5,2026-09-14T23:58:57.991614+00:00,2,2,1.0
twitter,2019931365781749887,https://x.com/PaulLaneMHA/status/2019931365781749887,Paul Lane,PaulLaneMHA,politician,member of the provincial legislature,Independent,party:Independent,2026,2026-02-07T00:29:00.000000+0000,chelsea lane,FAVOR,1,FAVOR,"The post names Chelsea Lane as the author's 'favourite Councillor' and mentions attending an event with her, presenting her positively.",haiku-4-5,2026-09-14T23:58:58.028073+00:00,3,2,1.5
twitter,2019931365781749887,https://x.com/PaulLaneMHA/status/2019931365781749887,Paul Lane,PaulLaneMHA,politician,member of the provincial legislature,Independent,party:Independent,2026,2026-02-07T00:29:00.000000+0000,reid center,FAVOR,1,NEUTRAL,"The Reid Center is mentioned as the venue for the event, but the post takes no position on the venue itself—it is simply the setting for the social gathering.",haiku-4-5,2026-09-14T23:58:58.028073+00:00,3,2,1.5
twitter,2039110975362588963,https://x.com/mikeschreiner/status/2039110975362588963,Mike Schreiner,mikeschreiner,politician,member of the provincial legislature,Green Party of Ontario,party:Green,2026,2026-03-31T22:41:56.000000+0000,equality,FAVOR,1,FAVOR,The post explicitly commits to working toward equality as part of supporting the Trans community. Equality is named as a goal the post advocates for.,haiku-4-5,2026-09-14T23:58:58.070907+00:00,3,2,1.5
twitter,2039110975362588963,https://x.com/mikeschreiner/status/2039110975362588963,Mike Schreiner,mikeschreiner,politician,member of the provincial legislature,Green Party of Ontario,party:Green,2026,2026-03-31T22:41:56.000000+0000,trans community,FAVOR,1,FAVOR,"The post expresses solidarity with the Trans community and commits to opposing oppression against them, clearly supporting their safety, justice and equality.",haiku-4-5,2026-09-14T23:58:58.070907+00:00,3,2,1.5
twitter,2041517576262701222,https://x.com/LukaszukAB/status/2041517576262701222,Thomas Lukaszuk,LukaszukAB,influencer,party apparatus,Progressive Conservative,party:Conservative,2026,2026-04-07T14:04:54.000000+0000,vote,FAVOR,1,FAVOR,"The post calls for mobilizing support and achieving a 'landslide win' on what the parent post identifies as Referendum Day, directly advocating for voting participation in the referendum on Alberta remaining in Canada.",haiku-4-5,2026-09-14T23:58:58.779036+00:00,1,1,1.0
twitter,2039765700395389224,https://x.com/TransSplendor/status/2039765700395389224,Alex Cargill,TransSplendor,influencer,commentator,PPC,party:PPC,2026,2026-04-02T18:03:34.000000+0000,israel,AGAINST,1,AGAINST,"The post presents Israel as either conducting a misinformation operation or 'trying to end Earth,' framing it as a threat that people are noticing. This is a direct accusation against Israel.",haiku-4-5,2026-09-14T23:58:58.822255+00:00,3,2,1.5
twitter,2039765700395389224,https://x.com/TransSplendor/status/2039765700395389224,Alex Cargill,TransSplendor,influencer,commentator,PPC,party:PPC,2026,2026-04-02T18:03:34.000000+0000,misinformation operation,NEUTRAL,1,AGAINST,"The post attributes a misinformation operation to Qatar and presents it as a negative phenomenon that the author is calling out, taking a stance against such operations.",haiku-4-5,2026-09-14T23:58:58.822255+00:00,3,2,1.5
twitter,2054425395647373664,https://x.com/nenshi/status/2054425395647373664,Naheed Nenshi,nenshi,politician,other politician,,type:politician,2026,2026-05-13T04:55:58.000000+0000,quebec media policies,NEUTRAL,0,NEUTRAL,The post is a tribute to Morris Dancyger following his death and makes no mention of Quebec media policies. This target has no connection to the post's content.,haiku-4-5,2026-09-14T23:58:59.169566+00:00,7,2,3.5
twitter,2054425395647373664,https://x.com/nenshi/status/2054425395647373664,Naheed Nenshi,nenshi,politician,other politician,,type:politician,2026,2026-05-13T04:55:58.000000+0000,quebec public broadcasting,NEUTRAL,0,NEUTRAL,The post is a tribute to Morris Dancyger following his death and makes no mention of Quebec public broadcasting. This target has no connection to the post's content.,haiku-4-5,2026-09-14T23:58:59.169566+00:00,7,2,3.5
twitter,2069920763772076169,https://x.com/Rob4Ajax/status/2069920763772076169,Rob Cerjanec,Rob4Ajax,politician,member of the provincial legislature,Ontario Liberal Party,party:Liberal,2026,2026-06-24T23:09:02.000000+0000,ontario liberal leader,FAVOR,1,FAVOR,"The post explicitly endorses someone for this position, making the leadership role itself the subject of the endorsement.",haiku-4-5,2026-09-14T23:58:59.852730+00:00,2,2,1.0
twitter,2069920763772076169,https://x.com/Rob4Ajax/status/2069920763772076169,Rob Cerjanec,Rob4Ajax,politician,member of the provincial legislature,Ontario Liberal Party,party:Liberal,2026,2026-06-24T23:09:02.000000+0000,rob cerjanec,FAVOR,1,FAVOR,"The post states 'I'm proud to endorse @RobCerjanec', which is a direct endorsement and support of this person.",haiku-4-5,2026-09-14T23:58:59.852730+00:00,2,2,1.0
twitter,2043898668848427179,https://x.com/kpac_15/status/2043898668848427179,Kevin Pacitti,kpac_15,influencer,commentator,,type:influencer,2026,2026-04-14T03:46:31.000000+0000,people,AGAINST,0,NEUTRAL,"The word 'people' is used generically in the phrase 'a group of people' as part of the post's broader criticism, but it does not refer to a specific group that the post takes a position on. The post's actual target is an unnamed group being criticized for getting things wrong.",haiku-4-5,2026-09-14T23:58:59.879343+00:00,2,2,1.0
twitter,2043898668848427179,https://x.com/kpac_15/status/2043898668848427179,Kevin Pacitti,kpac_15,influencer,commentator,,type:influencer,2026,2026-04-14T03:46:31.000000+0000,policy,NEUTRAL,1,AGAINST,"The post criticizes an unnamed group's influence over policy and frames their policy influence as a negative example of 'what not to do,' indicating opposition to how this group shaped policy.",haiku-4-5,2026-09-14T23:58:59.879343+00:00,2,2,1.0
twitter,2048794147075576242,https://x.com/NovaScotiaESM/status/2048794147075576242,Elizabeth Smith-McCrossin,NovaScotiaESM,politician,member of the provincial legislature,Independent,party:Independent,2026,2026-04-27T15:59:24.000000+0000,carney ends commissionaires canada,AGAINST,1,AGAINST,"The post directly engages with the parent's news about Carney ending Commissionaires Canada's contract. The author questions the decision ('why this decision?') and frames it as 'the end of an era,' expressing concern about the loss of an important veteran employer.",haiku-4-5,2026-09-14T23:58:59.962952+00:00,2,2,1.0
twitter,2048794147075576242,https://x.com/NovaScotiaESM/status/2048794147075576242,Elizabeth Smith-McCrossin,NovaScotiaESM,politician,member of the provincial legislature,Independent,party:Independent,2026,2026-04-27T15:59:24.000000+0000,federal property,NEUTRAL,1,NEUTRAL,"Federal properties are mentioned as the setting where security is still needed, but the post takes no position on federal properties themselves—they are the context for questioning the security contracting decision.",haiku-4-5,2026-09-14T23:58:59.962952+00:00,2,2,1.0
twitter,2057942658270572500,https://x.com/Ariane__Boyer/status/2057942658270572500,Ariane Boyer,Ariane__Boyer,politician,non-incumbent provincial candidate,Parti québécois,party:Other party,2026,2026-05-22T21:52:19.000000+0000,candidate,NEUTRAL,1,FAVOR,"The post replies to a parent post presenting PQ candidates for nomination, endorsing them with the phrase 'Une équipe de 🔥' (a team on fire), expressing enthusiasm for the slate.",haiku-4-5,2026-09-14T23:59:00.142607+00:00,5,2,2.5
twitter,2057942658270572500,https://x.com/Ariane__Boyer/status/2057942658270572500,Ariane Boyer,Ariane__Boyer,politician,non-incumbent provincial candidate,Parti québécois,party:Other party,2026,2026-05-22T21:52:19.000000+0000,quebec regional governance,NEUTRAL,0,NEUTRAL,The post does not discuss regional governance; it is a brief endorsement of candidates. The parent post mentions Quebec independence but the reply itself does not engage with governance as a subject.,haiku-4-5,2026-09-14T23:59:00.142607+00:00,5,2,2.5
twitter,2061543432724623414,https://x.com/tarikcyrilamar/status/2061543432724623414,Tarik Cyril Amar,tarikcyrilamar,foreign,influencer,,type:foreign,2026,2026-06-01T20:20:30.000000+0000,legacy media decline,NEUTRAL,1,FAVOR,"The post replies to a comment about Twitter toxicity by suggesting a causal explanation involving legacy media decline, implying this decline is responsible for the perceived increase in 'insanity.' The framing treats media decline as an explanatory factor for social media dysfunction.",haiku-4-5,2026-09-14T23:59:00.315267+00:00,5,2,2.5
twitter,2061543432724623414,https://x.com/tarikcyrilamar/status/2061543432724623414,Tarik Cyril Amar,tarikcyrilamar,foreign,influencer,,type:foreign,2026,2026-06-01T20:20:30.000000+0000,news media transformation,NEUTRAL,1,FAVOR,"Similar to legacy media decline, this target appears to be the post's explanation for why social media feels more toxic. The post frames media transformation as a relevant factor, with the URL presumably providing evidence supporting this causal link.",haiku-4-5,2026-09-14T23:59:00.315267+00:00,5,2,2.5
